,,,July,August,September,October,November,December,January,February,March,April,May,June
,BALANCE SHEET,,,,,,,,,,,,,
,,,,,,,,,,,,,,
,CURRENT ASSETS,,,,,,,,,,,,,
1100,,Cash on Hand - Unit Capital,46 ,46 ,46 ,46 ,46 ,46 ,46 ,46 ,46 ,46 ,46 ,46 
 , , , , , , , , , , , ,,,
1101,,Operating Cheque Account,"635,542 ","252,856 ","95,203 ","362,106 ","526,018 ","921,078 ","965,620 ","173,597 ","188,719 ","891,201 ","800,675 ","821,823 "
 , , , , , , , , , , , ,,,
1103,,CRB Account,940 ,940 ,940 ,940 ,940 ,940 ,940 ,940 ,940 ,940 ,940 ,940 
 , , , , , , , , , , , ,,,
1106,,Airwallex AUD,"18,193 ","36,242 ","20,618 ","29,340 ","16,533 ","19,726 ","20,975 ","79,120 ","56,751 ","22,165 ","13,647 ","80,363 "
 , , , , , , , , , , , ,,,
1107,,Airwallex USD,"328,301 ","133,920 ","31,734 ","132,868 ","77,849 ","35,402 ","233,701 ","74,525 ","41,285 ","298,330 ","182,669 ","62,446 "
 , , , , , , , , , , , ,,,
1108,,Westpac USD,"316,942 ","308,467 ","158,602 ","167,366 ","168,701 ","176,842 ","176,615 ","337,807 ","333,359 ","333,359 ","325,881 ","326,650 "
 , , , , , , , , , , , ,,,
1199,,Cash at Bank,"1,299,964 ","732,470 ","307,142 ","692,666 ","790,086 ","1,154,034 ","1,397,897 ","666,035 ","621,100 ","1,546,042 ","1,323,858 ","1,292,269 "
1200,,Trade Debtors,"1,022,000 ","938,599 ","1,093,839 ","828,778 ","917,881 ","794,142 ","753,689 ","1,065,024 ","1,654,593 ","775,794 ","819,022 ","595,256 "
 , , , , , , , , , , , ,,,
1201,,Sundry Debtors,"(1,765)","(1,765)","(1,765)","(1,765)",0 ,0 ,0 ,0 ,0 ,0 ,0 ,0 
 , , , , , , , , , , , ,,,
1299,,Debtors & Other Receivables,"1,020,235 ","936,834 ","1,092,073 ","827,012 ","917,881 ","794,142 ","753,689 ","1,065,024 ","1,654,593 ","775,794 ","819,022 ","595,256 "
1300,,Loan-Omnitronics Inc (USA),"339,849 ","338,900 ","341,867 ","535,971 ","443,468 ","601,828 ","240,801 ","36,548 ","(169,914)","(29,561)","(39,266)","(30,953)"
 , , , , , , , , , , , ,,,
1303,,  Loan-Software Combined Bidco Pty Ltd,"763,578 ","863,578 ","863,578 ","863,578 ","863,578 ","963,578 ","1,163,578 ","1,313,578 ","1,313,578 ","1,313,578 ","1,313,578 ","1,313,578 "
 , , , , , , , , , , , ,,,
1400,,Stock on Hand - Stores,"984,796 ","890,670 ","855,928 ","833,984 ","949,795 ","984,976 ","903,387 ","923,913 ","925,961 ","893,364 ","913,256 ","989,382 "
 , , , , , , , , , , , ,,,
1418,,Stock on Hand - Third Party Products,"21,549 ","73,794 ","70,509 ","62,065 ","49,132 ","47,787 ","38,906 ","34,684 ","59,495 ","31,201 ","16,261 ","17,929 "
 , , , , , , , , , , , ,,,
1411,,Stock on Hand - Engineering,"13,594 ","13,538 ","3,988 ","3,766 ","4,044 ","4,044 ","4,044 ","3,602 ","11,085 ","29,071 ","28,076 ","28,249 "
 , , , , , , , , , , , ,,,
1420,,Stock on Hand - Demo purposes only,0 ,0 ,0 ,0 ,0 ,(582),(582),(582),(582),(582),(350),0 
 , , , , , , , , , , , ,,,
1425,,Stock on Hand - Service,"3,157 ","3,157 ","3,157 ","3,157 ","2,844 ","2,844 ","2,844 ","3,414 ","1,773 ","1,773 ","1,773 ","1,773 "
 , , , , , , , , , , , ,,,
1430,,Stock on Hand - Manufacturing,"33,284 ","6,121 ","173,223 ","171,039 ","97,829 ","52,079 ","62,373 ","101,127 ","81,680 ","58,525 ","29,461 ","29,730 "
 , , , , , , , , , , , ,,,
1432,,Stock on Hand - RMA,"4,026 ","10,814 ","10,814 ","28,500 ","28,500 ","30,913 ","32,604 ","29,698 ","34,145 ","26,785 ","27,090 ","21,848 "
 , , , , , , , , , , , ,,,
1440,,Stock on Hand - SUB Manufacturing,"98,134 ","165,226 ","108,216 ","98,048 ","86,854 ","76,669 ","98,232 ","103,999 ","121,116 ","154,384 ","171,866 ","218,147 "
 , , , , , , , , , , , ,,,
1459,,Stock on Hand,"1,158,540 ","1,163,321 ","1,225,833 ","1,200,558 ","1,218,999 ","1,198,730 ","1,141,808 ","1,199,853 ","1,234,672 ","1,194,521 ","1,187,434 ","1,307,058 "
1490,,Engineering Services WIP,"11,036 ","14,677 ","15,032 ","15,170 ","20,191 ","24,167 ","28,480 ","24,854 ","24,136 ","22,253 ","17,419 ","14,287 "
 , , , , , , , , , , , ,,,
1500,,Prepayments,"122,500 ","128,126 ","117,546 ","111,779 ","100,761 ","101,739 ","88,322 ","74,906 ","61,489 ","48,073 ","34,656 ","63,351 "
 , , , , , , , , , , , ,,,
1550,,Deposits Paid,"12,536 ","12,536 ","12,536 ","12,536 ","12,536 ","12,536 ","12,536 ","12,536 ","12,536 ","12,536 ","12,536 ","12,536 "
 , , , , , , , , , , , ,,,
1560,,Security Dpst/Keys (Qld),"10,880 ","10,880 ","10,880 ","10,880 ","10,880 ","10,880 ","10,880 ","10,880 ","10,880 ","10,880 ","10,880 ","10,880 "
 , , , , , , , , , , , ,,,
,,,,,,,,,,,,,,
1590,,Total Current Assets,"4,739,116 ","4,201,322 ","3,986,487 ","4,270,151 ","4,378,380 ","4,861,634 ","4,837,991 ","4,404,214 ","4,763,070 ","4,894,116 ","4,680,117 ","4,578,262 "
,,,,,,,,,,,,,,
,,,,,,,,,,,,,,
,NON CURRENT ASSETS,,,,,,,,,,,,,
1702,,Fixed Assets Clearing,0 ,0 ,0 ,0 ,0 ,0 ,0 ,0 ,0 ,"11,635 ",0 ,0 
 , , , , , , , , , , , ,,,
1705,,Right-of-use assets,"702,266 ","702,266 ","1,287,188 ","1,287,188 ","1,287,188 ","1,287,188 ","1,287,188 ","1,287,188 ","1,287,188 ","1,287,188 ","1,287,188 ","1,287,188 "
 , , , , , , , , , , , ,,,
1706,,Less Accum Depn ROU Assets,"(702,266)","(702,266)","(734,762)","(751,010)","(767,258)","(783,505)","(799,753)","(816,001)","(832,249)","(848,497)","(864,745)","(880,993)"
 , , , , , , , , , , , ,,,
1707,,ROU Assets,0 ,0 ,"552,426 ","536,179 ","519,931 ","503,683 ","487,435 ","471,187 ","454,939 ","438,691 ","422,444 ","406,196 "
1710,,Property Plant & Equipment,"163,095 ","163,095 ","163,095 ","163,095 ","163,095 ","164,595 ","164,595 ","164,595 ","176,687 ","190,588 ","207,834 ","209,039 "
 , , , , , , , , , , , ,,,
1711,,Less Accumulated Depreciation,"(17,537)","(20,170)","(22,891)","(25,612)","(27,502)","(29,479)","(31,458)","(33,246)","(35,358)","(37,598)","(40,009)","(42,484)"
 , , , , , , , , , , , ,,,
1715,,Computer Equipment,"91,964 ","94,640 ","94,640 ","96,398 ","97,743 ","97,743 ","97,743 ","98,851 ","101,742 ","105,424 ","105,424 ","105,424 "
 , , , , , , , , , , , ,,,
1716,,Less Accumulated Depreciation,"(43,476)","(44,638)","(45,860)","(47,126)","(49,641)","(52,265)","(54,889)","(57,284)","(60,084)","(62,813)","(65,692)","(68,479)"
 , , , , , , , , , , , ,,,
1720,,Leasehold Improvements,"26,981 ","29,981 ","29,981 ","29,981 ","29,981 ","29,981 ","29,981 ","29,981 ","29,981 ","29,981 ","29,981 ","29,981 "
 , , , , , , , , , , , ,,,
1721,,Less Accumulated Depreciation,"(4,239)","(4,684)","(5,144)","(5,604)","(5,940)","(6,287)","(6,634)","(6,947)","(7,295)","(7,630)","(7,978)","(8,314)"
 , , , , , , , , , , , ,,,
1750,,Computer Software,"9,497 ","9,497 ","9,497 ","9,497 ","9,497 ","9,497 ","9,497 ","9,497 ","9,497 ","9,497 ","9,497 ","9,497 "
 , , , , , , , , , , , ,,,
1751,,Less Accumulated Depreciation,"(9,497)","(9,497)","(9,497)","(9,497)","(9,497)","(9,497)","(9,497)","(9,497)","(9,497)","(9,497)","(9,497)","(9,497)"
 , , , , , , , , , , , ,,,
1755,,Motor vehicles - cost,"14,850 ","14,850 ","14,850 ","14,850 ","14,850 ","14,850 ","14,850 ","14,850 ","14,850 ","14,850 ","14,850 ","14,850 "
 , , , , , , , , , , , ,,,
1756,,Less Accumulated Depreciation,"(14,850)","(14,850)","(14,850)","(14,850)","(14,850)","(14,850)","(14,850)","(14,850)","(14,850)","(14,850)","(14,850)","(14,850)"
 , , , , , , , , , , , ,,,
1770,,Loan Equipment,"25,286 ","28,793 ","27,144 ","44,449 ","45,031 ","46,069 ","46,069 ","46,705 ","46,705 ","46,705 ","49,721 ","49,721 "
 , , , , , , , , , , , ,,,
1771,,Less Accumulated Depreciation,"(15,353)","(19,618)","(19,111)","(23,919)","(25,739)","(28,057)","(29,336)","(31,159)","(32,374)","(33,524)","(34,873)","(36,121)"
 , , , , , , , , , , , ,,,
1760,,Intangibles,"15,156 ","15,156 ","15,156 ","15,156 ","15,156 ","15,156 ","15,156 ","15,156 ","15,156 ","15,156 ","15,156 ","15,156 "
 , , , , , , , , , , , ,,,
1780,,Software PPA cost,0 ,0 ,0 ,0 ,0 ,0 ,0 ,"3,592,000 ","3,592,000 ","3,592,000 ","3,592,000 ","3,592,000 "
 , , , , , , , , , , , ,,,
1781,,Less Accumulated Depreciation,0 ,0 ,0 ,0 ,0 ,0 ,0 ,"(642,210)","(662,650)","(682,431)","(702,871)","(722,651)"
 , , , , , , , , , , , ,,,
1782,,Customer relationship PPA cost,0 ,0 ,0 ,0 ,0 ,0 ,0 ,"90,000 ","90,000 ","90,000 ","90,000 ","90,000 "
 , , , , , , , , , , , ,,,
1783,,Less Accumulated Depreciation,0 ,0 ,0 ,0 ,0 ,0 ,0 ,"(12,008)","(12,390)","(12,760)","(13,142)","(13,512)"
 , , , , , , , , , , , ,,,
1784,,Intellectual property PPA cost,0 ,0 ,0 ,0 ,0 ,0 ,0 ,"179,000 ","179,000 ","179,000 ","179,000 ","179,000 "
 , , , , , , , , , , , ,,,
1785,,Less Accumulated Depreciation,0 ,0 ,0 ,0 ,0 ,0 ,0 ,"(95,532)","(98,573)","(101,515)","(104,556)","(107,498)"
 , , , , , , , , , , , ,,,
1800,,Fixed Assets,"241,877 ","242,555 ","237,010 ","246,819 ","242,183 ","237,456 ","231,227 ","3,337,901 ","3,322,547 ","3,322,218 ","3,299,994 ","3,271,262 "
,,,,,,,,,,,,,,
1850,,Deferred Tax Assets,"471,240 ","471,240 ","471,240 ","471,240 ","471,240 ","471,240 ","471,240 ","471,240 ","471,240 ","471,240 ","471,240 ","471,240 "
 , , , , , , , , , , , ,,,
,,,,,,,,,,,,,,
1890,,Total Non Curent Assets,"713,116 ","713,795 ","1,260,677 ","1,254,238 ","1,233,354 ","1,212,379 ","1,189,902 ","4,280,328 ","4,248,726 ","4,232,150 ","4,193,678 ","4,148,698 "
,,,,,,,,,,,,,,
,,,,,,,,,,,,,,
1990,,TOTAL ASSETS,"5,452,233 ","4,915,117 ","5,247,164 ","5,524,389 ","5,611,735 ","6,074,013 ","6,027,893 ","8,684,543 ","9,011,797 ","9,126,266 ","8,873,796 ","8,726,960 "
,,,,,,,,,,,,,,
,,,,,,,,,,,,,,
,CURRENT LIABILITIES,,,,,,,,,,,,,
2100,,Trade Creditors,"110,545 ","181,036 ","143,125 ","118,337 ","126,500 ","40,364 ","183,085 ","121,273 ","82,875 ","64,275 ","124,062 ","295,077 "
 , , , , , , , , , , , ,,,
2150,,Accruals,"76,616 ","85,502 ","114,229 ","105,356 ","66,036 ","74,485 ","65,116 ","83,868 ","84,412 ","90,449 ","92,794 ","127,602 "
 , , , , , , , , , , , ,,,
2160,,EMC Accrual,"105,150 ","105,150 ","105,150 ","105,150 ","105,150 ","105,150 ","98,750 ","98,750 ","98,750 ","98,750 ","98,750 ","98,750 "
 , , , , , , , , , , , ,,,
2190,,Income Tax Payable,"1,971 ","6,700 ","13,887 ","185,346 ","210,166 ","220,845 ","301,803 ","318,196 ","331,642 ","363,851 ","398,109 ","280,874 "
 , , , , , , , , , , , ,,,
2200,,Insurance Funding,"117,251 ","105,526 ","93,801 ","82,076 ","82,076 ","58,626 ","46,900 ","35,175 ","23,450 ","11,725 ",(0),(0)
 , , , , , , , , , , , ,,,
2300,,Goods Received Accrual,"83,609 ","55,797 ","9,664 ","11,341 ","13,191 ","41,759 ","20,052 ","6,456 ","29,831 ","30,529 ","25,720 ","8,067 "
 , , , , , , , , , , , ,,,
2399,,Creditors & Other Payables,"495,142 ","539,711 ","479,857 ","607,607 ","603,118 ","541,228 ","715,706 ","663,717 ","650,959 ","659,580 ","739,435 ","810,370 "
2400,,Projects Revenue in Advance,"727,852 ","529,856 ","552,282 ","506,409 ","498,290 ","602,035 ","172,864 ","93,190 ","217,717 ","148,278 ","93,057 ","96,157 "
 , , , , , , , , , , , ,,,
2410,,SMA Deferred Revenue,"617,618 ","564,265 ","545,183 ","570,415 ","637,290 ","907,806 ","883,452 ","806,344 ","850,944 ","775,395 ","710,086 ","708,186 "
 , , , , , , , , , , , ,,,
2420,,Deferred Revenue,"1,345,471 ","1,094,121 ","1,097,465 ","1,076,824 ","1,135,580 ","1,509,841 ","1,056,316 ","899,534 ","1,068,661 ","923,673 ","803,143 ","804,343 "
2425,,Provision for Refund,"163,658 ","163,658 ","163,658 ","163,658 ","163,658 ","163,658 ","163,658 ","163,658 ","163,658 ","163,658 ","163,658 ",(0)
 , , , , , , , , , , , ,,,
2480,,Lease Liabilities - current,(0),"15,498 ","154,070 ","155,225 ","156,389 ","157,562 ","158,744 ","159,934 ","161,134 ","162,342 ","163,560 ","164,787 "
 , , , , , , , , , , , ,,,
2600,,GST Paid,"(144,102)","(62,891)","(96,699)","(114,482)","(41,212)","(52,038)","(76,919)","(50,947)","(78,353)","(101,277)","(49,141)","(98,146)"
 , , , , , , , , , , , ,,,
2610,,GST Collected,"254,054 ","70,928 ","120,711 ","175,970 ","112,686 ","182,890 ","199,201 ","54,852 ","152,764 ","202,074 ","107,676 ","164,318 "
 , , , , , , , , , , , ,,,
2630,,GST Accrued,"(7,086)","(3,005)",(739),(892),"(1,060)","(3,657)","(1,713)",(466),"(1,351)","(1,415)","(2,218)",(623)
 , , , , , , , , , , , ,,,
2640,,TOTAL GST Payable,"102,867 ","5,033 ","23,273 ","60,597 ","70,414 ","127,196 ","120,570 ","3,439 ","73,060 ","99,382 ","56,317 ","65,549 "
2710,,Superannuation Payable,"43,980 ","108,361 ","41,760 ","45,888 ",(0),"46,986 ","70,245 ","53,933 ","48,070 ",(0),"50,503 ",(0)
 , , , , , , , , , , , ,,,
2720,,Accrued Annual Leave,"317,217 ","337,432 ","343,737 ","333,869 ","347,682 ","333,987 ","268,716 ","287,882 ","293,135 ","318,696 ","311,488 ","324,889 "
 , , , , , , , , , , , ,,,
2725,,Accrued LSL,"161,860 ","156,520 ","142,220 ","135,786 ","123,719 ","123,093 ","107,629 ","107,825 ","106,541 ","106,206 ","103,972 ","104,391 "
 , , , , , , , , , , , ,,,
2740,,PAYG,"167,922 ","302,912 ","82,338 ","157,762 ","75,050 ","75,844 ","185,896 ","93,666 ","76,132 ","154,506 ","86,856 ","76,444 "
 , , , , , , , , , , , ,,,
2750,,Payroll Tax Accrual,"20,758 ","35,503 ","26,909 ","26,870 ","28,012 ","29,262 ","28,473 ","23,674 ","21,943 ","23,401 ","29,808 ","25,138 "
 , , , , , , , , , , , ,,,
2700,,Payroll Accruals,"773,041 ","86,558 ","73,504 ","135,302 ","213,319 ","270,605 ","273,615 ","262,312 ","363,890 ","465,642 ","477,823 ","527,173 "
 , , , , , , , , , , , ,,,
2770,,TOTAL Payroll Liabilities,"1,484,778 ","1,027,286 ","710,468 ","835,478 ","787,782 ","879,778 ","934,575 ","829,292 ","909,711 ","1,068,451 ","1,060,449 ","1,058,035 "
2760,,ST Loan - Software Combined,"669,984 ","669,984 ","669,984 ","669,984 ","669,984 ","669,984 ","669,984 ","669,984 ","669,984 ","669,984 ","669,984 ","669,984 "
 , , , , , , , , , , , ,,,
2930,,Related Party Payable-Bidco,"(110,804)","(109,317)","(109,097)","(97,744)","(94,413)","(80,734)","(80,734)","(80,734)","(78,033)","(78,033)","(78,033)","(70,568)"
 , , , , , , , , , , , ,,,
2940,,Tax Funding Account,"613,752 ","613,752 ","613,752 ","613,752 ","613,752 ","613,752 ","613,752 ","540,645 ","540,645 ","540,645 ","540,645 ","540,645 "
 , , , , , , , , , , , ,,,
2950,,Omnitronics Developments Pty Ltd,(0),(0),(0),(0),(0),(0),353 ,(0),(0),(0),(0),(0)
 , , , , , , , , , , , ,,,
2980,,Loans from Related Paries,"1,172,932 ","1,174,419 ","1,174,639 ","1,185,992 ","1,189,322 ","1,203,002 ","1,203,355 ","1,129,895 ","1,132,595 ","1,132,595 ","1,132,595 ","1,140,061 "
,,,,,,,,,,,,,,
,,,,,,,,,,,,,,
2790,,Total Current Liabilities,"4,764,847 ","4,019,726 ","3,803,429 ","4,085,380 ","4,106,263 ","4,582,265 ","4,352,922 ","3,849,469 ","4,159,778 ","4,209,682 ","4,119,157 ","4,043,145 "
,,,,,,,,,,,,,,
,,,,,,,,,,,,,,
,NON CURRENT LIABILITIES,,,,,,,,,,,,,
2726,,Accrued LSL Non Current,"101,085 ","107,365 ","108,834 ","111,756 ","114,000 ","114,753 ","117,018 ","121,870 ","123,393 ","124,931 ","125,631 ","127,141 "
 , , , , , , , , , , , ,,,
2805,,Lease Liabilities,(0),(0),"336,853 ","323,379 ","309,805 ","296,128 ","282,349 ","268,467 ","254,480 ","240,389 ","226,192 ","211,888 "
 , , , , , , , , , , , ,,,
2807,,Make good provision,"78,000 ","78,000 ","78,000 ","78,000 ","78,000 ","78,000 ","78,000 ","78,000 ","78,000 ","78,000 ","78,000 ","78,000 "
 , , , , , , , , , , , ,,,
,,,,,,,,,,,,,,
,,,,,,,,,,,,,,
2990,,Total Non Current Liabilities,"179,085 ","185,365 ","523,687 ","513,136 ","501,805 ","488,881 ","477,367 ","468,337 ","455,874 ","443,320 ","429,823 ","417,030 "
,,,,,,,,,,,,,,
,,,,,,,,,,,,,,
2995,,TOTAL LIABILITIES,"4,943,932 ","4,205,091 ","4,327,116 ","4,598,516 ","4,608,068 ","5,071,146 ","4,830,289 ","4,317,806 ","4,615,652 ","4,653,002 ","4,548,980 ","4,460,174 "
,,,,,,,,,,,,,,
,,,,,,,,,,,,,,
2999,,NET ASSETS,"508,300 ","710,025 ","920,048 ","925,873 ","1,003,667 ","1,002,867 ","1,197,603 ","4,366,736 ","4,396,145 ","4,473,264 ","4,324,815 ","4,266,786 "
,,,,,,,,,,,,,,
,,,,,,,,,,,,,,
,EQUITY,,,,,,,,,,,,,
3010,,Shareholders equity,46 ,46 ,46 ,46 ,46 ,46 ,46 ,46 ,46 ,46 ,46 ,46 
 , , , , , , , , , , , ,,,
3015,,Dividend Declaration,"(320,000)","(320,000)","(320,000)","(320,000)","(320,000)","(320,000)","(320,000)","(320,000)","(320,000)","(320,000)","(320,000)","(320,000)"
 , , , , , , , , , , , ,,,
3013,,Pre-acquisition asset revaluation reserv,(0),(0),(0),(0),(0),(0),(0),"3,861,000 ","3,861,000 ","3,861,000 ","3,861,000 ","3,861,000 "
 , , , , , , , , , , , ,,,
3030,,Retained Earnings (prior year),"(347,740)","(347,740)","(347,740)","(347,740)","(347,740)","(347,740)","(347,740)","(907,273)","(907,273)","(907,273)","(907,273)","(907,273)"
 , , , , , , , , , , , ,,,
,,,,,,,,,,,,,,
,,,,,,,,,,,,,,
3090,,TOTAL EQUITY,"(667,694)","(667,694)","(667,694)","(667,694)","(667,694)","(667,694)","(667,694)","2,633,773 ","2,633,773 ","2,633,773 ","2,633,773 ","2,633,773 "
,,,,,,,,,,,,,,
,,,,,,,,,,,,,,
1/08/2025 -  1:26:00PM,Page 0,,,,,,,,,,,,,
,,,,,,,,,,,,,,
(c) 2020 Triumph Business Systems Pty. Ltd.   www.triumph.com.au   Triumph report design (glrpcr.rpt),,,,,,,,,,,,,,
