,,,July,August,September,October,November,December,January,February,March,April,May,June,Total
,PROFIT & LOSS,,,,,,,,,,,,,,
,,,,,,,,,,,,,,,
4000,,Hardware Sales,"474,792 ","808,219 ","481,962 ","445,974 ","533,302 ","264,656 ","873,132 ","470,624 ","567,618 ","457,155 ","569,180 ","405,687 ","6,352,301 "
 , , , , , , , , , , , , ,,,
4010,,Turnkey Components Onsold,259 ,900 ,670 ,"7,613 ",(0),"8,107 ",681 ,"14,043 ",(0),"1,147 ",(0),"10,658 ","44,078 "
 , , , , , , , , , , , , ,,,
4018,,Sales - Third Party Products,"47,876 ","19,174 ","47,858 ","18,542 ","17,881 ","2,921 ","11,235 ","8,512 ","5,164 ","18,004 ","63,606 ","34,470 ","295,243 "
 , , , , , , , , , , , , ,,,
4100,,Sales - Projects & Systems Services,"39,841 ",(0),"16,800 ","131,002 ","8,900 ","17,223 ","18,425 ","30,927 ","79,848 ","56,545 ","56,775 ","25,960 ","482,246 "
 , , , , , , , , , , , , ,,,
4200,,Sales - Demo,(0),"3,500 ","3,268 ",(0),"9,880 ","1,013 ",(0),"7,214 ","4,198 ",525 ,"6,734 ","1,820 ","38,152 "
 , , , , , , , , , , , , ,,,
4300,,Sales - RMA,(0),(0),650 ,"1,194 ","5,377 ","17,469 ",(0),"3,500 ","5,400 ",(0),(0),(0),"33,590 "
 , , , , , , , , , , , , ,,,
4500,,Support Agreements Revenue,"75,350 ","77,206 ","78,496 ","90,924 ","87,583 ","83,841 ","87,484 ","88,245 ","93,146 ","89,313 ","92,466 ","98,028 ","1,042,082 "
 , , , , , , , , , , , , ,,,
4550,,Subscriptions Revenue,"11,036 ","11,036 ","11,663 ","11,663 ","11,663 ","11,663 ","11,663 ","11,663 ","11,663 ","11,673 ","11,673 ","11,673 ","138,732 "
 , , , , , , , , , , , , ,,,
4760,,omnicore Licences,"26,025 ",(0),"141,232 ","90,866 ","76,000 ","195,659 ","41,720 ","58,609 ","78,757 ","209,000 ","87,075 ","138,888 ","1,143,831 "
 , , , , , , , , , , , , ,,,
4770,,Other Licences,"40,753 ","6,170 ",(0),"25,608 ","18,245 ","34,441 ","3,035 ","105,585 ","2,703 ","9,780 ","18,958 ","53,304 ","318,582 "
 , , , , , , , , , , , , ,,,
,,,,,,,,,,,,,,,
4900,,Total Sales,"715,930 ","926,205 ","782,598 ","823,384 ","768,831 ","636,993 ","1,047,375 ","798,922 ","848,498 ","853,141 ","906,466 ","780,487 ","9,888,830 "
,,,,,,,,,,,,,,,
,,,,,,,,,,,,,,,
5000,,Opening Stock - Stores,"1,038,452 ","984,796 ","890,670 ","855,928 ","833,984 ","949,795 ","984,976 ","903,387 ","923,913 ","925,961 ","893,364 ","913,256 ","11,098,482 "
 , , , , , , , , , , , , ,,,
5010,,Purchases - Stores,"54,725 ","85,789 ","71,011 ","78,687 ","225,735 ","91,889 ","127,084 ","111,498 ","113,909 ","93,558 ","153,740 ","81,278 ","1,288,903 "
 , , , , , , , , , , , , ,,,
5020,,Closing Stock - Stores,"(984,796)","(890,670)","(855,928)","(833,984)","(949,795)","(984,976)","(903,387)","(923,913)","(925,961)","(893,364)","(913,256)","(989,382)","(11,049,412)"
 , , , , , , , , , , , , ,,,
,,,,,,,,,,,,,,,
5025,,Stores Purchases,"108,381 ","179,915 ","105,754 ","100,631 ","109,924 ","56,709 ","208,672 ","90,973 ","111,860 ","126,155 ","133,848 ","5,153 ","1,337,975 "
,,,,,,,,,,,,,,,
5018,,Opening Stock - Third Party Products,"11,251 ","21,549 ","52,584 ","70,509 ","62,065 ","49,132 ","47,787 ","38,906 ","34,684 ","59,495 ","31,201 ","16,261 ","495,424 "
 , , , , , , , , , , , , ,,,
5019,,Purchases - Third Party Products,"38,024 ","38,987 ","45,907 ","(1,041)","(47,332)",(113),"(4,999)",(978),"27,160 ","(21,727)","10,597 ","17,658 ","102,143 "
 , , , , , , , , , , , , ,,,
5022,,Closing Stock - Third Party Products,"(21,549)","(52,584)","(70,509)","(62,065)","(49,132)","(47,787)","(38,906)","(34,684)","(59,495)","(31,201)","(16,261)","(17,929)","(502,102)"
 , , , , , , , , , , , , ,,,
,,,,,,,,,,,,,,,
5023,,Third Party Purchases,"27,727 ","7,952 ","27,982 ","7,404 ","(34,399)","1,232 ","3,881 ","3,245 ","2,349 ","6,566 ","25,537 ","15,991 ","95,467 "
,,,,,,,,,,,,,,,
,,,,,,,,,,,,,,,
,,,,,,,,,,,,,,,
5048,,Opening Stock - SER,"3,157 ","3,157 ","3,157 ","3,157 ","3,157 ","2,844 ","2,844 ","2,844 ","3,414 ","1,773 ","1,773 ","1,773 ","33,050 "
 , , , , , , , , , , , , ,,,
5050,,Service purchases,0 ,0 ,0 ,0 ,(313),0 ,0 ,570 ,"(1,640)",0 ,0 ,0 ,"(1,383)"
 , , , , , , , , , , , , ,,,
5052,,Closing Stock - SER,"(3,157)","(3,157)","(3,157)","(3,157)","(2,844)","(2,844)","(2,844)","(3,414)","(1,773)","(1,773)","(1,773)","(1,773)","(31,666)"
 , , , , , , , , , , , , ,,,
,,,,,,,,,,,,,,,
,,,,,,,,,,,,,,,
5068,,Opening Stock - ENG,0 ,"13,594 ","13,538 ","3,988 ","3,766 ","4,044 ","4,044 ","4,044 ","3,602 ","11,085 ","29,071 ","28,076 ","118,852 "
 , , , , , , , , , , , , ,,,
5070,,Purchases - ENG,"17,493 ",(55),"(9,439)",111 ,611 ,443 ,"4,038 ",392 ,"7,599 ","17,563 ",(607),894 ,"39,043 "
 , , , , , , , , , , , , ,,,
5072,,Closing Stock - ENG,"(13,594)","(13,538)","(3,988)","(3,766)","(4,044)","(4,044)","(4,044)","(3,602)","(11,085)","(29,071)","(28,076)","(28,249)","(147,101)"
 , , , , , , , , , , , , ,,,
,,,,,,,,,,,,,,,
5075,,Engineering Costs,"3,899 ",0 ,112 ,332 ,333 ,443 ,"4,038 ",835 ,116 ,(423),388 ,721 ,"10,794 "
,,,,,,,,,,,,,,,
5100,,Opening Stock - SUB Manufacturing,"33,645 ","98,134 ","165,226 ","108,216 ","98,048 ","86,854 ","76,669 ","98,232 ","103,999 ","121,117 ","154,384 ","171,867 ","1,316,391 "
 , , , , , , , , , , , , ,,,
5110,,Purchases - Subcontractor Manufacturing,"64,823 ","67,924 ","(55,089)","(2,823)","(11,194)","(2,048)","21,166 ","20,288 ","16,734 ","34,327 ","17,493 ","75,932 ","247,533 "
 , , , , , , , , , , , , ,,,
5120,,Closing Stock - SUB Manufacturing,"(98,134)","(165,226)","(108,216)","(98,048)","(86,854)","(76,669)","(98,232)","(103,999)","(121,117)","(154,384)","(171,867)","(218,147)","(1,500,893)"
 , , , , , , , , , , , , ,,,
,,,,,,,,,,,,,,,
5125,,Subcontractor Manufacturing Purchases,333 ,832 ,"1,922 ","7,345 ",0 ,"8,137 ",(397),"14,521 ",(383),"1,059 ",11 ,"29,652 ","63,032 "
,,,,,,,,,,,,,,,
5200,,Opening Stock - Demo,0 ,0 ,0 ,0 ,0 ,0 ,(582),(582),(582),(582),(582),(350),"(3,260)"
 , , , , , , , , , , , , ,,,
5210,,Purchases - Demo,0 ,"2,417 ",0 ,0 ,"3,496 ",0 ,0 ,0 ,"2,274 ",111 ,"3,916 ",(233),"11,981 "
 , , , , , , , , , , , , ,,,
5220,,Closing Stock - Demo,0 ,0 ,0 ,0 ,0 ,582 ,582 ,582 ,582 ,582 ,350 ,0 ,"3,260 "
 , , , , , , , , , , , , ,,,
,,,,,,,,,,,,,,,
5225,,Demo Loan Costs,0 ,"2,417 ",0 ,0 ,"3,496 ",582 ,0 ,0 ,"2,274 ",111 ,"3,684 ",(582),"11,982 "
,,,,,,,,,,,,,,,
5260,,Purchases - RMA,425 ,"6,898 ",0 ,"17,369 ",0 ,"18,278 ","1,690 ","(2,906)","(1,321)","(7,016)","1,072 ","3,194 ","37,683 "
 , , , , , , , , , , , , ,,,
5270,,Closing Stock - RMA,0 ,"(6,788)",0 ,"(17,686)",0 ,"(2,413)","(1,690)","2,906 ","(4,447)","7,360 ","(4,331)","5,242 ","(21,847)"
 , , , , , , , , , , , , ,,,
,,,,,,,,,,,,,,,
5275,,RMA Loan Costs,425 ,109 ,0 ,(318),0 ,"15,865 ",0 ,0 ,"(5,768)",343 ,"(3,258)","8,436 ","15,834 "
,,,,,,,,,,,,,,,
5300,,Opening Stock - FCT,"11,408 ","33,284 ","6,121 ","173,223 ","171,039 ","97,829 ","52,079 ","62,373 ","101,127 ","81,680 ","58,525 ","29,461 ","878,149 "
 , , , , , , , , , , , , ,,,
5310,,Purchases - Manufacturing,"21,953 ","(26,852)","167,101 ","(2,239)","(72,359)","(45,760)","10,407 ","38,364 ","(19,494)","(23,155)","(28,914)",797 ,"19,849 "
 , , , , , , , , , , , , ,,,
5320,,Closing Stock - FCT,"(33,284)","(6,121)","(173,223)","(171,039)","(97,829)","(52,079)","(62,373)","(101,127)","(81,680)","(58,525)","(29,461)","(29,730)","(896,471)"
 , , , , , , , , , , , , ,,,
,,,,,,,,,,,,,,,
5325,,Manufacturing Costs,76 ,311 ,0 ,(55),850 ,(10),114 ,(391),(47),0 ,151 ,527 ,"1,526 "
,,,,,,,,,,,,,,,
5910,,Total Stock Purchases,"140,841 ","191,535 ","135,770 ","115,340 ","80,204 ","82,958 ","216,307 ","109,184 ","110,401 ","133,812 ","160,359 ","59,897 ","1,536,608 "
,,,,,,,,,,,,,,,
5812,,Support & Maintenance Services,"14,603 ","13,174 ","15,409 ","10,644 ","13,655 ","13,237 ","33,761 ","30,264 ","32,259 ","21,370 ","19,819 ","14,286 ","232,481 "
 , , , , , , , , , , , , ,,,
5811,,Project Engineering Services,"8,792 ","1,473 ","2,093 ","5,758 ","6,903 ","4,192 ","12,971 ","9,802 ","8,331 ","7,348 ","12,802 ","13,746 ","94,211 "
 , , , , , , , , , , , , ,,,
5813,,Subcontractors - Engineering,0 ,0 ,0 ,0 ,0 ,0 ,0 ,0 ,150 ,0 ,0 ,300 ,450 
 , , , , , , , , , , , , ,,,
,,,,,,,,,,,,,,,
,,,,,,,,,,,,,,,
5899,,Engineering Labour Costs,"23,396 ","14,647 ","17,503 ","16,402 ","20,558 ","17,430 ","46,732 ","40,066 ","40,740 ","28,718 ","32,621 ","28,332 ","327,145 "
,,,,,,,,,,,,,,,
5551,,Production Labour Recovery,0 ,"44,386 ","20,710 ","24,657 ","22,520 ","21,948 ","16,325 ","19,815 ","18,813 ","22,757 ","22,772 ","17,652 ","252,355 "
 , , , , , , , , , , , , ,,,
,,,,,,,,,,,,,,,
5265,,Freight & Customs on Sales,"2,946 ","3,243 ","2,443 ","2,082 ","1,330 ","2,723 ","1,730 ","2,911 ","1,456 ",382 ,"3,575 ","4,293 ","29,114 "
 , , , , , , , , , , , , ,,,
5266,,Freight Recovery,"(5,583)","(1,586)","(1,732)","(2,913)","(1,068)","(1,183)",(467),"(2,667)","(1,396)","(2,698)","(5,045)","(1,928)","(28,266)"
 , , , , , , , , , , , , ,,,
5267,,Freight to US (INC),723 ,"2,352 ","1,214 ","1,937 ","2,052 ","3,760 ",933 ,"1,600 ",661 ,905 ,"1,966 ","23,049 ","41,152 "
 , , , , , , , , , , , , ,,,
,,,,,,,,,,,,,,,
5450,,Consumables - Production,708 ,244 ,"1,881 ",25 ,"1,278 ",468 ,391 ,436 ,219 ,88 ,198 ,500 ,"6,436 "
 , , , , , , , , , , , , ,,,
5460,,Warranty & Replacements,0 ,0 ,0 ,0 ,602 ,0 ,341 ,"2,228 ","1,001 ",0 ,0 ,0 ,"4,172 "
 , , , , , , , , , , , , ,,,
5470,,Stock Variances,707 ,0 ,(305),0 ,0 ,23 ,(269),0 ,(24),224 ,"4,026 ",0 ,"4,382 "
 , , , , , , , , , , , , ,,,
5475,,Stock Disposal,424 ,0 ,0 ,0 ,0 ,29 ,0 ,0 ,"2,671 ",0 ,5 ,"21,045 ","24,174 "
 , , , , , , , , , , , , ,,,
5424,,Consumables - Engineering,"1,529 ",0 ,603 ,429 ,431 ,203 ,239 ,"1,670 ","1,435 ",917 ,993 ,581 ,"9,030 "
 , , , , , , , , , , , , ,,,
,,,,,,,,,,,,,,,
5400,,Other Costs,"1,454 ","4,253 ","4,104 ","1,560 ","4,624 ","6,023 ","2,897 ","6,179 ","6,023 ",(181),"5,718 ","47,539 ","90,193 "
,,,,,,,,,,,,,,,
,,,,,,,,,,,,,,,
5930,,Total Cost of Goods Sold,"165,690 ","254,821 ","178,086 ","157,959 ","127,906 ","128,359 ","282,261 ","175,244 ","175,977 ","185,106 ","221,470 ","153,420 ","2,206,299 "
,,,,,,,,,,,,,,,
,,,,,,,,,,,,,,,
4990,,GROSS PROFIT,"550,240 ","671,385 ","604,511 ","665,425 ","640,925 ","508,634 ","765,114 ","623,678 ","672,521 ","668,035 ","684,996 ","627,066 ","7,682,530 "
,,,,,,,,,,,,,,,
,,,,,,,,,,,,,,,
4950,,Other Income,(0),"1,855 ",(0),(0),"1,765 ",(0),(0),(0),(0),(0),(0),(0),"3,620 "
 , , , , , , , , , , , , ,,,
,,,,,,,,,,,,,,,
4970,,Other Income,(0),"1,855 ",(0),(0),"1,765 ",(0),(0),(0),(0),(0),(0),(0),"3,620 "
,,,,,,,,,,,,,,,
4980,,Total Income,"550,240 ","673,240 ","604,511 ","665,425 ","642,690 ","508,634 ","765,114 ","623,678 ","672,521 ","668,035 ","684,996 ","627,066 ","7,686,150 "
,,,,,,,,,,,,,,,
,,,,,,,,,,,,,,,
6020,,Doubtful & Bad Debts,0 ,0 ,0 ,0 ,0 ,0 ,0 ,0 ,(353),0 ,0 ,0 ,(353)
 , , , , , , , , , , , , ,,,
6200,,Depreciation,"4,427 ","4,239 ","4,403 ","4,447 ","4,742 ","4,948 ","4,950 ","4,497 ","5,259 ","5,304 ","5,638 ","5,597 ","58,451 "
 , , , , , , , , , , , , ,,,
6201,,Depreciation - Loan Equipment,718 ,"6,126 ",736 ,"4,906 ","1,820 ","2,322 ","1,279 ","3,113 ","3,934 ","1,150 ","1,324 ","1,248 ","28,676 "
 , , , , , , , , , , , , ,,,
6203,,Software PPA amortisation expense,0 ,0 ,0 ,0 ,0 ,0 ,0 ,"163,277 ","20,440 ","19,781 ","20,440 ","19,781 ","243,719 "
 , , , , , , , , , , , , ,,,
6204,,Customer relationship PPA amortisation e,0 ,0 ,0 ,0 ,0 ,0 ,0 ,"3,008 ",382 ,370 ,382 ,370 ,"4,512 "
 , , , , , , , , , , , , ,,,
6205,,Intellectual property amortisation expen,0 ,0 ,0 ,0 ,0 ,0 ,0 ,"23,932 ","3,041 ","2,942 ","3,041 ","2,942 ","35,898 "
 , , , , , , , , , , , , ,,,
6250,,Depreciation - ROU assets,"14,631 ",0 ,"32,496 ","16,248 ","16,248 ","16,248 ","16,248 ","16,248 ","16,248 ","16,248 ","16,248 ","16,248 ","193,359 "
 , , , , , , , , , , , , ,,,
6400,,Sundry Expenses,0 ,0 ,0 ,0 ,0 ,"1,000 ",(856),0 ,0 ,0 ,(1),0 ,143 
 , , , , , , , , , , , , ,,,
6888,,Marketing (Omni Inc.),0 ,0 ,0 ,0 ,0 ,0 ,0 ,"121,341 ","50,246 ",0 ,"52,900 ",0 ,"224,487 "
 , , , , , , , , , , , , ,,,
6887,,  Gain(Loss) on IFRS-16,0 ,0 ,"(81,180)",0 ,0 ,0 ,0 ,0 ,0 ,0 ,0 ,0 ,"(81,180)"
 , , , , , , , , , , , , ,,,
,,,,,,,,,,,,,,,
6010,,Accounting Fees,0 ,440 ,220 ,220 ,220 ,220 ,220 ,"3,555 ",586 ,226 ,226 ,492 ,"6,625 "
 , , , , , , , , , , , , ,,,
6011,,Audit Fees,0 ,0 ,0 ,0 ,0 ,0 ,0 ,0 ,0 ,0 ,0 ,"19,000 ","19,000 "
 , , , , , , , , , , , , ,,,
6381,,Filing Fees/Permits,60 ,0 ,0 ,0 ,0 ,0 ,0 ,0 ,0 ,0 ,0 ,0 ,60 
 , , , , , , , , , , , , ,,,
6382,,Legal Fees,0 ,(750),500 ,0 ,0 ,0 ,0 ,"1,000 ",0 ,0 ,"2,815 ","7,350 ","10,915 "
 , , , , , , , , , , , , ,,,
6150,,Consultancy & Corporrate  Recharges,0 ,0 ,0 ,0 ,0 ,0 ,"1,544 ","1,000 ","6,000 ",0 ,"26,500 ","118,765 ","153,809 "
 , , , , , , , , , , , , ,,,
,,,,,,,,,,,,,,,
6380,,Corporate & Legal Fees,60 ,(310),720 ,220 ,220 ,220 ,"1,764 ","5,555 ","6,586 ",226 ,"29,542 ","145,607 ","190,410 "
,,,,,,,,,,,,,,,
6299,,Foreign Exchange Loss / Gain,"3,711 ","4,986 ","2,299 ","(17,183)","(9,649)","(10,951)","(12,816)",590 ,"9,545 ","(47,468)","36,751 ","8,867 ","(31,318)"
 , , , , , , , , , , , , ,,,
6031,,Bank Fees,325 ,220 ,109 ,290 ,221 ,173 ,163 ,225 ,132 ,222 ,473 ,756 ,"3,309 "
 , , , , , , , , , , , , ,,,
6032,,Merchant Fees,0 ,0 ,11 ,0 ,0 ,0 ,0 ,0 ,28 ,0 ,814 ,0 ,853 
 , , , , , , , , , , , , ,,,
6033,,Interest Charges,"7,236 ",0 ,0 ,0 ,0 ,0 ,0 ,0 ,0 ,0 ,0 ,0 ,"7,236 "
 , , , , , , , , , , , , ,,,
6034,,Interest Expense - Lease Liabilities,0 ,(65),"3,682 ","3,682 ","3,590 ","3,496 ","3,403 ","3,308 ","3,213 ","3,117 ","3,020 ","2,923 ","33,369 "
 , , , , , , , , , , , , ,,,
,,,,,,,,,,,,,,,
6030,,Banking & Finance,"11,271 ","5,141 ","6,101 ","(13,212)","(5,838)","(7,281)","(9,250)","4,122 ","12,918 ","(44,128)","41,059 ","12,546 ","13,449 "
,,,,,,,,,,,,,,,
6047,,Entertainment Client,177 ,44 ,77 ,548 ,434 ,47 ,6 ,207 ,"3,580 ",12 ,578 ,"1,304 ","7,014 "
 , , , , , , , , , , , , ,,,
6048,,Entertainment Staff,306 ,679 ,"1,757 ","1,381 ","1,486 ",71 ,6 ,526 ,"5,786 ",34 ,289 ,"1,934 ","14,255 "
 , , , , , , , , , , , , ,,,
6042,,Client Gifts,0 ,95 ,0 ,0 ,912 ,106 ,38 ,0 ,16 ,0 ,26 ,84 ,"1,277 "
 , , , , , , , , , , , , ,,,
,,,,,,,,,,,,,,,
6049,,Business Development,483 ,819 ,"1,833 ","1,930 ","2,833 ",224 ,51 ,734 ,"9,383 ",46 ,893 ,"3,323 ","22,552 "
,,,,,,,,,,,,,,,
6315,,Motor Vehicle Insurance,129 ,129 ,129 ,129 ,129 ,129 ,129 ,129 ,129 ,129 ,129 ,129 ,"1,548 "
 , , , , , , , , , , , , ,,,
6325,,Liability & Cyber,"5,482 ","5,482 ","5,482 ","5,482 ","5,482 ","5,482 ","5,482 ","7,822 ","5,482 ","5,482 ","5,482 ","5,482 ","68,124 "
 , , , , , , , , , , , , ,,,
6330,,Marine Transit,461 ,461 ,461 ,461 ,461 ,461 ,461 ,461 ,461 ,461 ,461 ,461 ,"5,532 "
 , , , , , , , , , , , , ,,,
,,,,,,,,,,,,,,,
6341,,Workers Comp Insurance WA,"4,215 ","3,681 ","3,476 ","3,476 ","3,476 ","3,476 ","3,476 ","3,476 ","3,476 ","3,476 ","3,476 ","3,476 ","42,656 "
 , , , , , , , , , , , , ,,,
6342,,Workers Comp Insurance QLD,0 ,171 ,86 ,86 ,86 ,86 ,86 ,86 ,86 ,86 ,86 ,86 ,"1,031 "
 , , , , , , , , , , , , ,,,
,,,,,,,,,,,,,,,
6343,,Workers Comp Insurance,"4,215 ","3,852 ","3,562 ","3,562 ","3,562 ","3,562 ","3,562 ","3,562 ","3,562 ","3,562 ","3,562 ","3,562 ","43,687 "
,,,,,,,,,,,,,,,
6351,,Business WA,461 ,461 ,461 ,461 ,461 ,461 ,461 ,461 ,461 ,461 ,461 ,461 ,"5,532 "
 , , , , , , , , , , , , ,,,
,,,,,,,,,,,,,,,
6353,,Business Insurance,461 ,461 ,461 ,461 ,461 ,461 ,461 ,461 ,461 ,461 ,461 ,461 ,"5,532 "
,,,,,,,,,,,,,,,
6360,,Corporate Travel Insurance,485 ,485 ,485 ,485 ,485 ,485 ,485 ,485 ,(17),485 ,485 ,485 ,"5,318 "
 , , , , , , , , , , , , ,,,
,,,,,,,,,,,,,,,
6369,,Insurance,"11,233 ","10,870 ","10,580 ","10,580 ","10,580 ","10,580 ","10,580 ","12,920 ","10,078 ","10,580 ","10,580 ","10,580 ","129,741 "
,,,,,,,,,,,,,,,
6310,,Software - Engineering,"2,190 ","2,116 ","2,693 ","3,368 ","3,750 ","5,500 ","6,332 ","5,858 ","5,771 ","6,570 ","26,580 ","5,304 ","76,032 "
 , , , , , , , , , , , , ,,,
6311,,Software - Finance,"1,943 ","2,120 ","1,943 ","1,943 ","1,943 ","1,943 ","1,943 ","1,943 ","1,943 ","1,943 ","1,943 ","1,943 ","23,493 "
 , , , , , , , , , , , , ,,,
6320,,IT Service & Support,"3,711 ","2,033 ","1,321 ","1,315 ","1,023 ",808 ,666 ,344 ,41 ,"1,920 ","3,133 ","3,692 ","20,007 "
 , , , , , , , , , , , , ,,,
6665,,IT Equipment & Supplies,840 ,488 ,"1,885 ",0 ,81 ,156 ,201 ,559 ,0 ,0 ,"1,365 ",93 ,"5,668 "
 , , , , , , , , , , , , ,,,
6340,,Online services & Cloud Storage,"1,743 ","1,970 ","1,743 ","1,743 ","1,743 ","1,743 ","1,743 ","1,787 ","1,787 ","1,787 ","1,787 ","1,787 ","21,363 "
 , , , , , , , , , , , , ,,,
6344,,Cyber Security,"2,991 ","2,348 ","1,267 ","1,267 ","(1,958)","15,014 ","1,267 ","(3,456)",0 ,0 ,0 ,0 ,"18,740 "
 , , , , , , , , , , , , ,,,
,,,,,,,,,,,,,,,
6350,,IT,"13,418 ","11,075 ","10,851 ","9,636 ","6,581 ","25,164 ","12,152 ","7,035 ","9,542 ","12,220 ","34,807 ","12,818 ","165,299 "
,,,,,,,,,,,,,,,
6405,,Misc Marketing,0 ,0 ,317 ,0 ,0 ,0 ,0 ,"17,456 ",6 ,0 ,0 ,"7,500 ","25,279 "
 , , , , , , , , , , , , ,,,
6410,,Digital & Advertising,"2,662 ","7,251 ","6,085 ","3,751 ","3,859 ","4,012 ","5,106 ","1,383 ","1,147 ","1,597 ",196 ,"1,683 ","38,732 "
 , , , , , , , , , , , , ,,,
6420,,Website,0 ,48 ,363 ,0 ,460 ,0 ,710 ,803 ,102 ,115 ,25 ,322 ,"2,948 "
 , , , , , , , , , , , , ,,,
6430,,Lead Generation,673 ,28 ,27 ,29 ,181 ,648 ,(125),239 ,30 ,30 ,"1,004 ",29 ,"2,793 "
 , , , , , , , , , , , , ,,,
6440,,Tradeshows & Events,73 ,"10,849 ","17,504 ",355 ,"1,944 ","13,828 ","1,441 ",0 ,"14,599 ",104 ,"11,649 ","10,010 ","82,356 "
 , , , , , , , , , , , , ,,,
6450,,Printing & Merchandise,"4,759 ",886 ,"1,214 ",460 ,"18,229 ","4,604 ",948 ,"4,027 ","1,139 ",454 ,"9,591 ","4,813 ","51,124 "
 , , , , , , , , , , , , ,,,
6460,,Subscriptions & Memberships (Marketing),"1,054 ",149 ,149 ,149 ,150 ,0 ,468 ,0 ,208 ,208 ,"26,750 ",509 ,"29,794 "
 , , , , , , , , , , , , ,,,
6470,,Marketing Consultants,0 ,0 ,0 ,0 ,682 ,0 ,0 ,0 ,0 ,0 ,0 ,231 ,913 
 , , , , , , , , , , , , ,,,
6480,,Travel - Flights & Accomm. MKTG,0 ,0 ,"1,138 ",(780),"2,701 ",44 ,0 ,0 ,"(3,190)",0 ,"1,928 ","6,752 ","8,593 "
 , , , , , , , , , , , , ,,,
6485,,Travel - Taxi & Vehicle Expenses MKTG,0 ,0 ,288 ,287 ,104 ,0 ,0 ,0 ,352 ,0 ,0 ,0 ,"1,031 "
 , , , , , , , , , , , , ,,,
6490,,Travel - Meals & Entertainment MKTG,0 ,0 ,27 ,92 ,434 ,18 ,0 ,0 ,366 ,0 ,0 ,0 ,937 
 , , , , , , , , , , , , ,,,
,,,,,,,,,,,,,,,
6499,,Marketing,"9,221 ","19,212 ","27,112 ","4,342 ","28,744 ","23,154 ","8,548 ","23,909 ","14,760 ","2,507 ","51,144 ","31,849 ","244,502 "
,,,,,,,,,,,,,,,
6510,,Fuel,357 ,511 ,403 ,300 ,387 ,258 ,289 ,272 ,249 ,287 ,342 ,262 ,"3,917 "
 , , , , , , , , , , , , ,,,
6520,,Registration,0 ,0 ,0 ,0 ,0 ,0 ,0 ,0 ,0 ,0 ,"1,060 ",0 ,"1,060 "
 , , , , , , , , , , , , ,,,
6530,,Repairs & Maintenance MV,597 ,5 ,95 ,0 ,73 ,0 ,0 ,138 ,745 ,7 ,0 ,958 ,"2,618 "
 , , , , , , , , , , , , ,,,
,,,,,,,,,,,,,,,
6549,,Motor Vehicle Expenses,955 ,516 ,497 ,300 ,460 ,258 ,289 ,410 ,994 ,294 ,"1,402 ","1,219 ","7,594 "
,,,,,,,,,,,,,,,
6110,,Mobile Phones,674 ,702 ,490 ,153 ,935 ,649 ,749 ,434 ,815 ,374 ,814 ,"1,124 ","7,913 "
 , , , , , , , , , , , , ,,,
,,,,,,,,,,,,,,,
,,,,,,,,,,,,,,,
6611,,Rent WA,0 ,"16,000 ","(16,000)",0 ,0 ,0 ,"112,000 ","16,000 ","16,000 ","16,000 ","16,000 ","16,000 ","192,000 "
 , , , , , , , , , , , , ,,,
6614,,Rent WA Reversal Pre IFRS,0 ,0 ,0 ,0 ,0 ,0 ,"(112,000)","(16,000)","(16,000)","(16,000)","(16,000)","(16,000)","(192,000)"
 , , , , , , , , , , , , ,,,
6621,,Property Fees & Taxes,"5,621 ","4,636 ","4,618 ","4,618 ","4,618 ","4,618 ","4,618 ","4,618 ","4,618 ","4,618 ","4,618 ","5,088 ","56,907 "
 , , , , , , , , , , , , ,,,
6631,,Cleaning WA,"1,380 ","2,800 ","1,926 ","1,528 ","2,263 ","1,981 ","1,663 ","2,352 ","1,924 ","1,613 ","1,819 ","1,851 ","23,100 "
 , , , , , , , , , , , , ,,,
6641,,Utilities WA,"1,356 ","1,600 ","2,802 ","2,000 ","1,456 ",0 ,"3,075 ","1,600 ","2,427 ","2,000 ","1,625 ","2,000 ","21,941 "
 , , , , , , , , , , , , ,,,
6651,,Repairs & Maintenance WA,109 ,0 ,734 ,0 ,0 ,970 ,"1,940 ",(183),0 ,3 ,0 ,"2,937 ","6,510 "
 , , , , , , , , , , , , ,,,
6661,,"Office Supplies, Postage, Copier WA","1,359 ",994 ,462 ,610 ,576 ,40 ,359 ,525 ,"1,061 ","1,018 ",577 ,"1,149 ","8,730 "
 , , , , , , , , , , , , ,,,
6671,,Security WA,120 ,0 ,0 ,0 ,120 ,96 ,120 ,0 ,0 ,120 ,0 ,0 ,576 
 , , , , , , , , , , , , ,,,
6121,,Office Phone WA,448 ,483 ,440 ,444 ,508 ,510 ,506 ,527 ,549 ,521 ,521 ,505 ,"5,962 "
 , , , , , , , , , , , , ,,,
6131,,Internet WA,146 ,146 ,146 ,146 ,146 ,146 ,146 ,146 ,146 ,146 ,146 ,146 ,"1,752 "
 , , , , , , , , , , , , ,,,
,,,,,,,,,,,,,,,
6613,,WA Office Expenses,"10,539 ","26,658 ","(4,871)","9,346 ","9,687 ","8,361 ","12,427 ","9,586 ","10,725 ","10,039 ","9,306 ","13,677 ","125,480 "
,,,,,,,,,,,,,,,
6612,,Rent QLD,"2,460 ","2,490 ","2,490 ","2,490 ","2,490 ","2,497 ","2,490 ","2,490 ","2,490 ","2,497 ",590 ,"2,547 ","28,021 "
 , , , , , , , , , , , , ,,,
6662,,"Office Supplies, Postage, Copier QLD",0 ,0 ,4 ,0 ,0 ,0 ,0 ,0 ,0 ,0 ,0 ,0 ,4 
 , , , , , , , , , , , , ,,,
,,,,,,,,,,,,,,,
6623,,QLD Office Expenses,"2,460 ","2,490 ","2,494 ","2,490 ","2,490 ","2,497 ","2,490 ","2,490 ","2,490 ","2,497 ",590 ,"2,547 ","28,025 "
,,,,,,,,,,,,,,,
6300,,Courier Expense,712 ,882 ,478 ,124 ,490 ,725 ,210 ,521 ,414 ,528 ,580 ,760 ,"6,424 "
 , , , , , , , , , , , , ,,,
,,,,,,,,,,,,,,,
,,,,,,,,,,,,,,,
6600,,Office Expenses,"14,385 ","30,732 ","(1,410)","12,113 ","13,602 ","12,232 ","15,876 ","13,032 ","14,444 ","13,438 ","11,290 ","18,108 ","167,842 "
,,,,,,,,,,,,,,,
6811,,Staff Amenities WA,"2,892 ","2,691 ",957 ,"1,272 ","1,477 ","1,464 ","1,577 ","1,690 ","1,422 ","2,429 ","2,202 ","2,112 ","22,185 "
 , , , , , , , , , , , , ,,,
,,,,,,,,,,,,,,,
6813,,Staff Amenities,"2,892 ","2,691 ",957 ,"1,272 ","1,477 ","1,464 ","1,577 ","1,690 ","1,422 ","2,429 ","2,202 ","2,112 ","22,185 "
,,,,,,,,,,,,,,,
6820,,Staff Events,318 ,"1,353 ",421 ,"2,679 ","1,985 ","4,279 ","1,885 ",233 ,"3,118 ","6,126 ","6,475 ","5,432 ","34,304 "
 , , , , , , , , , , , , ,,,
6830,,Recruitment,980 ,0 ,0 ,0 ,0 ,0 ,0 ,"1,600 ",0 ,0 ,0 ,"2,305 ","4,885 "
 , , , , , , , , , , , , ,,,
6832,,Payroll & HR Consultants,830 ,825 ,825 ,"(1,374)","1,650 ","1,443 ",445 ,809 ,989 ,"1,103 ",93 ,"1,386 ","9,024 "
 , , , , , , , , , , , , ,,,
6833,,Outsourced Staffing,"2,969 ","1,673 ","2,032 ","1,994 ","2,017 ","2,024 ","2,158 ","2,142 ","2,305 ","2,173 ","2,181 ","2,174 ","25,842 "
 , , , , , , , , , , , , ,,,
6385,,OHS Medical & Safety,32 ,0 ,0 ,0 ,0 ,877 ,70 ,0 ,107 ,265 ,655 ,0 ,"2,006 "
 , , , , , , , , , , , , ,,,
6840,,Staff Gifts,28 ,0 ,0 ,"9,151 ",566 ,0 ,0 ,0 ,90 ,0 ,"9,119 ","4,964 ","23,918 "
 , , , , , , , , , , , , ,,,
6850,,Subscriptions & Memberships - Staff/Corp,28 ,28 ,15 ,633 ,"1,010 ",73 ,80 ,8 ,701 ,60 ,362 ,"1,595 ","4,593 "
 , , , , , , , , , , , , ,,,
6870,,Staff Training,166 ,380 ,136 ,408 ,186 ,591 ,"5,472 ","1,590 ",0 ,"2,753 ","10,601 ","42,873 ","65,156 "
 , , , , , , , , , , , , ,,,
,,,,,,,,,,,,,,,
6880,,Staff Costs,"8,244 ","6,949 ","4,387 ","14,763 ","8,891 ","10,752 ","11,687 ","8,072 ","8,732 ","14,910 ","31,688 ","62,842 ","191,917 "
,,,,,,,,,,,,,,,
6713,,Admin Wages,"61,240 ","54,477 ","53,083 ","56,612 ","53,332 ","56,208 ","59,350 ","51,887 ","53,910 ","59,826 ","56,722 ","58,697 ","675,344 "
 , , , , , , , , , , , , ,,,
6714,,Admin Wages - Leave Accrual,"6,829 ","3,874 ","3,706 ","(10,109)","3,226 ","(2,246)","(9,066)","2,321 ","4,362 ",783 ,"(2,471)",(420),789 
 , , , , , , , , , , , , ,,,
6715,,Admin Wages - LSL Accrual,"1,037 ","2,201 ",680 ,659 ,"1,005 ",338 ,"1,018 ","2,187 ",693 ,698 ,709 ,686 ,"11,911 "
 , , , , , , , , , , , , ,,,
6716,,Admin Wages - Superannuation,"6,814 ","4,608 ","3,994 ","6,611 ","6,133 ","6,464 ","6,825 ","5,967 ","6,200 ","6,880 ","6,523 ","4,608 ","71,627 "
 , , , , , , , , , , , , ,,,
6717,,Bonus,"13,994 ","(19,393)","14,759 ","14,386 ","60,169 ","23,386 ","78,758 ","31,296 ","90,718 ","56,021 ","(23,891)","33,929 ","374,132 "
 , , , , , , , , , , , , ,,,
,,,,,,,,,,,,,,,
6718,,Admin Salaries,"89,914 ","45,768 ","76,221 ","68,159 ","123,865 ","84,149 ","136,886 ","93,657 ","155,882 ","124,209 ","37,592 ","97,499 ","1,133,801 "
,,,,,,,,,,,,,,,
6723,,WA Sales Wages,"21,061 ","20,146 ","19,230 ","21,061 ","19,230 ","20,146 ","21,061 ","18,625 ","18,000 ","20,552 ","20,543 ","27,518 ","247,173 "
 , , , , , , , , , , , , ,,,
6724,,WA Sales Wages - Leave Accrual,"2,435 ","(1,042)","(8,263)","(3,265)","1,380 ",(77),214 ,"(1,372)",925 ,974 ,(618),560 ,"(8,149)"
 , , , , , , , , , , , , ,,,
6725,,WA Sales Wages - LSL Accrual,475 ,"2,396 ",340 ,340 ,510 ,170 ,510 ,897 ,326 ,336 ,336 ,345 ,"6,981 "
 , , , , , , , , , , , , ,,,
6726,,WA Sales Wages - Superannuation,"2,689 ","3,636 ","1,441 ","4,093 ","2,296 ","3,290 ","2,136 ","6,213 ","2,011 ","3,201 ","3,055 ","2,452 ","36,513 "
 , , , , , , , , , , , , ,,,
6727,,WA Sales Wages - Commissions,"13,535 ","23,153 ","7,721 ","3,095 ","2,714 ","1,682 ","41,199 ","2,270 ","5,989 ","3,735 ","10,904 ","2,663 ","118,660 "
 , , , , , , , , , , , , ,,,
,,,,,,,,,,,,,,,
6728,,WA Sales Salaries,"40,196 ","48,290 ","20,468 ","25,324 ","26,129 ","25,211 ","65,120 ","26,633 ","27,251 ","28,797 ","34,220 ","33,539 ","401,178 "
,,,,,,,,,,,,,,,
6733,,QLD Sales Wages,"17,161 ","16,415 ","15,669 ","17,161 ","15,669 ","16,415 ","17,161 ","14,349 ","14,998 ","17,087 ","16,415 ","16,475 ","194,975 "
 , , , , , , , , , , , , ,,,
6734,,QLD Sales Wages - Leave Accrual,"1,104 ",210 ,"1,044 ",(406),"1,104 ",676 ,"(5,928)",473 ,"(2,118)",868 ,"1,352 ","1,408 ",(213)
 , , , , , , , , , , , , ,,,
6735,,QLD Sales Wages - LSL Accrual,177 ,966 ,150 ,150 ,225 ,75 ,225 ,150 ,150 ,150 ,150 ,150 ,"2,718 "
 , , , , , , , , , , , , ,,,
6736,,QLD Sales Wages - Superannuation,"2,657 ","2,936 ","1,616 ","2,390 ","2,288 ","2,873 ","2,407 ","1,997 ","2,067 ","2,733 ","2,959 ","1,431 ","28,354 "
 , , , , , , , , , , , , ,,,
6737,,QLD Sales Wages - Commissions,"9,272 ","3,570 ","1,848 ","5,583 ","5,058 ","6,959 ","1,888 ","3,104 ","5,342 ","8,303 ","5,603 ","2,541 ","59,071 "
 , , , , , , , , , , , , ,,,
,,,,,,,,,,,,,,,
6738,,QLD Sales Salaries,"30,371 ","24,098 ","20,327 ","24,878 ","24,345 ","26,998 ","15,753 ","20,073 ","20,438 ","29,140 ","26,479 ","22,005 ","284,905 "
,,,,,,,,,,,,,,,
6753,,Engineering Wages,"126,207 ","142,420 ","142,494 ","156,486 ","145,251 ","150,927 ","158,609 ","139,994 ","140,693 ","160,293 ","221,152 ","142,548 ","1,827,074 "
 , , , , , , , , , , , , ,,,
6754,,Engineering Wages - Leave Accrual,"(16,762)","20,444 ","3,565 ","1,746 ","4,800 ","2,285 ","(30,351)","5,123 ","6,359 ","9,245 ","(3,500)","8,363 ","11,317 "
 , , , , , , , , , , , , ,,,
6755,,Engineering Wages - LSL Accrual,"(50,906)","20,809 ","(7,153)","(1,106)","(5,100)",(862),"(14,475)",10 ,(806),(811),"(2,708)",(58),"(63,166)"
 , , , , , , , , , , , , ,,,
6756,,Engineering Wages - Superannuation,"5,403 ","16,252 ","16,387 ","17,996 ","16,915 ","17,357 ","18,240 ","16,099 ","16,180 ","18,434 ","16,896 ","11,137 ","187,296 "
 , , , , , , , , , , , , ,,,
6758,,Engineering Wages - Recovery,"(110,250)","(106,726)","(94,040)","(98,855)","(93,414)","(74,734)","(92,636)","(112,591)","(115,651)","(102,830)","(110,648)","(102,486)","(1,214,861)"
 , , , , , , , , , , , , ,,,
,,,,,,,,,,,,,,,
6759,,Engineering Wages,"(46,307)","93,199 ","61,253 ","76,267 ","68,452 ","94,972 ","39,387 ","48,634 ","46,776 ","84,330 ","121,193 ","59,503 ","747,659 "
,,,,,,,,,,,,,,,
6743,,Production Wages,"20,736 ","19,481 ","18,378 ","20,128 ","18,378 ","19,253 ","20,128 ","16,519 ","16,601 ","18,914 ","21,883 ","18,921 ","229,320 "
 , , , , , , , , , , , , ,,,
6744,,Production Wages - Leave Accrual,"(1,561)",880 ,"1,277 ",941 ,"1,952 ",352 ,"(5,348)",997 ,"1,002 ","1,413 ","(1,880)","(2,571)","(2,546)"
 , , , , , , , , , , , , ,,,
6745,,Production Wages - LSL Accrual,140 ,154 ,"(1,058)","1,273 ",77 ,128 ,(770),400 ,(699),255 ,252 ,256 ,408 
 , , , , , , , , , , , , ,,,
6746,,Production Wages - Superannuation,"2,316 ","2,240 ","2,113 ","2,315 ","2,113 ","2,214 ","2,315 ","1,900 ","1,909 ","2,175 ","2,517 ","1,412 ","25,539 "
 , , , , , , , , , , , , ,,,
6748,,Production Wages Recovery,0 ,"(44,386)","(20,710)","(24,657)","(22,520)","(21,948)","(16,325)","(19,815)","(18,813)","(22,757)","(22,772)","(17,652)","(252,355)"
 , , , , , , , , , , , , ,,,
,,,,,,,,,,,,,,,
6749,,Production Wages,"21,631 ","(21,631)",0 ,0 ,0 ,0 ,0 ,0 ,0 ,0 ,(1),366 ,365 
,,,,,,,,,,,,,,,
6783,,Systems/Support Wages,"63,351 ","40,374 ","45,025 ","49,258 ","47,038 ","51,296 ","50,858 ","59,413 ","44,234 ","59,421 ","57,648 ","55,815 ","623,731 "
 , , , , , , , , , , , , ,,,
6787,,Systems After Hours Support,"1,998 ","1,692 ","1,806 ","1,978 ","1,126 ","2,572 ","1,398 ","1,670 ",724 ,"1,175 ",891 ,"1,749 ","18,779 "
 , , , , , , , , , , , , ,,,
6784,,Systems/Support Wages - Leave Accrual,"30,706 ","(6,088)","2,993 ",950 ,(729),"(2,286)","(6,510)","4,036 ",352 ,"3,798 ","2,072 ","4,019 ","33,313 "
 , , , , , , , , , , , , ,,,
6785,,Systems/Support Wages - LSL Accrual,"51,552 ","(26,297)","(6,006)","(5,473)","(6,879)",163 ,(54),630 ,336 ,336 ,336 ,336 ,"8,980 "
 , , , , , , , , , , , , ,,,
6786,,Systems/Support Wages - Superannuation,"6,695 ","4,643 ","5,178 ","5,665 ","5,409 ","5,899 ","5,849 ","6,581 ","5,087 ","6,833 ","6,629 ","4,335 ","68,803 "
 , , , , , , , , , , , , ,,,
,,,,,,,,,,,,,,,
6789,,Systems/Support,"154,303 ","14,325 ","48,996 ","52,378 ","45,966 ","57,644 ","51,540 ","72,330 ","50,732 ","71,565 ","67,576 ","66,254 ","753,609 "
,,,,,,,,,,,,,,,
6763,,Marketing Wages,"29,461 ","21,899 ","21,024 ","22,167 ","21,111 ","21,899 ","22,894 ","20,596 ","20,699 ","23,582 ","42,645 ","17,052 ","285,029 "
 , , , , , , , , , , , , ,,,
6764,,Marketing Wages - Annual Leave accrued,128 ,"1,804 ","1,192 ",(364),"1,375 ",(933),"(8,282)",471 ,"1,488 ","1,236 ","(2,462)",784 ,"(3,563)"
 , , , , , , , , , , , , ,,,
6765,,Marketing Wages - LSL Accrued,299 ,711 ,215 ,648 ,338 ,116 ,347 ,776 ,239 ,239 ,(609),214 ,"3,533 "
 , , , , , , , , , , , , ,,,
6766,,Marketing Wages - Superannuation,"3,279 ","2,518 ","2,418 ","2,549 ","2,428 ","2,518 ","2,633 ","2,369 ","2,380 ","2,712 ","2,220 ","1,332 ","29,356 "
 , , , , , , , , , , , , ,,,
,,,,,,,,,,,,,,,
6768,,Marketing Wages,"33,166 ","26,932 ","24,848 ","25,000 ","25,253 ","23,600 ","17,592 ","24,211 ","24,806 ","27,769 ","41,794 ","19,382 ","314,353 "
,,,,,,,,,,,,,,,
6772,,Global Teams Fees & Charges,"1,808 ",631 ,"1,782 ","1,741 ","1,835 ","1,850 ","1,949 ","1,942 ","1,941 ","1,927 ","1,899 ","1,861 ","21,166 "
 , , , , , , , , , , , , ,,,
6773,,Global Team Salaries,"8,472 ","11,635 ","10,849 ","10,116 ","10,187 ","10,047 ","10,382 ","10,774 ","10,689 ","10,654 ","10,599 ","10,721 ","125,125 "
 , , , , , , , , , , , , ,,,
6774,,Global Leave Accrued,"1,289 ",133 ,791 ,639 ,704 ,"(1,820)",485 ,"(3,015)",478 ,(351),298 ,"1,259 ",890 
 , , , , , , , , , , , , ,,,
,,,,,,,,,,,,,,,
6779,,Global Teams,"11,569 ","12,399 ","13,423 ","12,496 ","12,726 ","10,078 ","12,816 ","9,701 ","13,107 ","12,230 ","12,795 ","13,841 ","147,181 "
,,,,,,,,,,,,,,,
6801,,R&D Engineering Wages,"84,648 ","86,405 ","74,861 ","80,999 ","66,813 ","52,520 ","40,925 ","75,806 ","75,738 ","74,074 ","79,728 ","73,895 ","866,412 "
 , , , , , , , , , , , , ,,,
,,,,,,,,,,,,,,,
6791,,Payroll Tax WA,"11,846 ","28,249 ","14,342 ","18,111 ","18,146 ","18,295 ","26,860 ","21,103 ","18,384 ","18,762 ","23,918 ","12,972 ","230,988 "
 , , , , , , , , , , , , ,,,
6794,,Payroll Tax SA,"1,085 ",0 ,0 ,(477),0 ,0 ,0 ,0 ,0 ,0 ,0 ,0 ,608 
 , , , , , , , , , , , , ,,,
6792,,Payroll Tax QLD,"1,251 ","4,278 ","1,034 ",947 ,"1,107 ","1,102 ",721 ,958 ,988 ,"1,107 ","1,223 ","1,093 ","15,809 "
 , , , , , , , , , , , , ,,,
,,,,,,,,,,,,,,,
6793,,Payroll Tax,"14,182 ","32,526 ","15,377 ","18,581 ","19,253 ","19,397 ","27,581 ","22,061 ","19,372 ","19,869 ","25,141 ","14,064 ","247,404 "
,,,,,,,,,,,,,,,
6795,,Fringe Benefits Tax,0 ,0 ,0 ,0 ,0 ,0 ,0 ,0 ,0 ,0 ,0 ,"7,520 ","7,520 "
 , , , , , , , , , , , , ,,,
,,,,,,,,,,,,,,,
6890,,Salaries,"433,672 ","362,310 ","355,774 ","384,081 ","412,802 ","394,569 ","407,601 ","393,107 ","434,104 ","471,982 ","446,518 ","407,869 ","4,904,389 "
,,,,,,,,,,,,,,,
6913,,Travel Allowance - Corporate,0 ,0 ,0 ,0 ,0 ,0 ,"1,490 ",0 ,0 ,0 ,0 ,0 ,"1,490 "
 , , , , , , , , , , , , ,,,
6923,,Flights & Accommodation - Corporate,"1,521 ",437 ,928 ,"9,486 ","7,212 ",(251),73 ,756 ,182 ,"1,051 ","10,825 ","14,008 ","46,228 "
 , , , , , , , , , , , , ,,,
6933,,"Parking,Taxis and Car Hire - Corporate",0 ,96 ,131 ,"1,938 ",383 ,125 ,0 ,157 ,455 ,317 ,"(1,275)",577 ,"2,904 "
 , , , , , , , , , , , , ,,,
6943,,Travel meals - Corporate,127 ,0 ,93 ,940 ,"1,583 ",43 ,0 ,95 ,"1,022 ",349 ,165 ,"3,623 ","8,040 "
 , , , , , , , , , , , , ,,,
,,,,,,,,,,,,,,,
6918,,Corporate Travel Costs,"1,647 ",533 ,"1,151 ","12,364 ","9,177 ",(83),"1,563 ","1,009 ","1,659 ","1,717 ","9,715 ","18,209 ","58,661 "
,,,,,,,,,,,,,,,
6926,,Flights & Accommodation - Sales,"1,565 ","1,852 ","2,789 ","3,653 ","7,336 ",(308),985 ,"4,542 ","3,441 ","17,943 ","14,795 ","7,490 ","66,083 "
 , , , , , , , , , , , , ,,,
6936,,"Parking, Taxis and Car Hire - Sales",131 ,301 ,337 ,"1,021 ","2,349 ",0 ,0 ,497 ,"1,284 ",86 ,"1,120 ",986 ,"8,112 "
 , , , , , , , , , , , , ,,,
6946,,Travel Meals - Sales,0 ,296 ,25 ,361 ,473 ,111 ,0 ,195 ,544 ,53 ,"1,284 ",432 ,"3,774 "
 , , , , , , , , , , , , ,,,
,,,,,,,,,,,,,,,
6928,,Sales Travel Costs,"1,697 ","2,449 ","3,150 ","5,035 ","10,159 ",(197),985 ,"5,234 ","5,269 ","18,081 ","17,199 ","8,909 ","77,970 "
,,,,,,,,,,,,,,,
6917,,Travel Allowance - Engineering,0 ,"2,100 ",79 ,0 ,0 ,375 ,"1,788 ",0 ,0 ,0 ,0 ,0 ,"4,342 "
 , , , , , , , , , , , , ,,,
6927,,Flights & Accommodation - Engineering,"5,389 ","3,150 ","8,669 ","19,406 ","17,018 ","2,541 ","3,019 ","1,421 ","1,654 ","10,841 ","12,713 ","18,254 ","104,075 "
 , , , , , , , , , , , , ,,,
6937,,"Parking,Taxis and Car Hire - Engineering","1,715 ",583 ,965 ,494 ,777 ,"1,321 ",813 ,605 ,299 ,196 ,455 ,"1,526 ","9,749 "
 , , , , , , , , , , , , ,,,
6949,,Travel Meals - Engineering,200 ,291 ,388 ,489 ,"1,263 ",406 ,330 ,147 ,49 ,0 ,209 ,"2,487 ","6,259 "
 , , , , , , , , , , , , ,,,
,,,,,,,,,,,,,,,
6950,,Engineering Travel Costs,"7,305 ","6,124 ","10,101 ","20,389 ","19,058 ","4,644 ","5,951 ","2,173 ","2,002 ","11,037 ","13,377 ","22,267 ","124,428 "
,,,,,,,,,,,,,,,
,,,,,,,,,,,,,,,
6919,,Travel Expenses,"10,649 ","9,106 ","14,403 ","37,788 ","38,394 ","4,364 ","8,499 ","8,416 ","8,930 ","30,836 ","40,291 ","49,385 ","261,061 "
,,,,,,,,,,,,,,,
,,,,,,,,,,,,,,,
6990,,TOTAL EXPENSES,"533,366 ","466,786 ","387,302 ","488,141 ","540,077 ","498,754 ","489,419 ","812,726 ","629,667 ","558,706 ","799,187 ","802,331 ","7,006,462 "
,,,,,,,,,,,,,,,
,,,,,,,,,,,,,,,
7000,,NET PROFIT,"16,874 ","206,454 ","217,209 ","177,284 ","102,613 ","9,880 ","275,694 ","(189,048)","42,854 ","109,329 ","(114,191)","(175,265)","679,687 "
,,,,,,,,,,,,,,,
,,,,,,,,,,,,,,,
7010,,Net Profit Before Tax,"16,874 ","206,454 ","217,209 ","177,284 ","102,613 ","9,880 ","275,694 ","(189,048)","42,854 ","109,329 ","(114,191)","(175,265)","679,687 "
7020,,Less Income Tax Expense,"(1,971)","(4,729)","(7,187)","(171,459)","(24,819)","(10,679)","(80,958)","56,714 ","(13,445)","(32,210)","(34,257)","117,235 ","(207,765)"
 , , , , , , , , , , , , ,,,
,,,,,,,,,,,,,,,
7030,,Net Profit After Tax,"14,903 ","201,725 ","210,023 ","5,825 ","77,794 ",(799),"194,736 ","(132,334)","29,409 ","77,119 ","(148,448)","(58,030)","471,923 "
,,,,,,,,,,,,,,,
7050,,RETAINED PROFIT C/FWD,"14,903 ","201,725 ","210,023 ","5,825 ","77,794 ",(799),"194,736 ","(132,334)","29,409 ","77,119 ","(148,448)","(58,030)","471,923 "
,,,,,,,,,,,,,,,
,,,,,,,,,,,,,,,
1/08/2025 -  1:18:14PM,Page 0,,,,,,,,,,,,,,
,,,,,,,,,,,,,,,
(c) 2020 Triumph Business Systems Pty. Ltd.   www.triumph.com.au   Triumph report design (glrpcr.rpt),,,,,,,,,,,,,,,
