"OMNITRONICS, INC.",,,,,,,,,,,,
Balance Sheet,,,,,,,,,,,,
"As of June 30, 2025",,,,,,,,,,,,
,,,,,,,,,,,,
,Jul 2024,Aug 2024,Sep 2024,Oct 2024,Nov 2024,Dec 2024,Jan 2025,Feb 2025,Mar 2025,Apr 2025,May 2025,Jun 2025
ASSETS,,,,,,,,,,,,
   Current Assets,,,,,,,,,,,,
      Bank Accounts,,,,,,,,,,,,
         91000 Perth Clearing Acccount,0.00  ,0.00  ,0.00  ,0.00  ,0.00  ,0.00  ,0.00  ,0.00  ,0.00  ,0.00  ,0.00  ,0.00  
         91100 Bank of America Savings - 6745,853.81  ,853.82  ,853.82  ,853.84  ,853.85  ,853.86  ,853.87  ,853.88  ,853.89  ,853.90  ,853.91  ,853.92  
         91200 Bank of America Checking - 5640,"56,261.18  ","93,088.56  ","68,360.81  ","251,246.51  ","231,654.66  ","223,788.37  ","212,228.03  ","210,144.67  ","144,236.39  ","133,550.62  ","283,815.39  ","276,669.63  "
         91201 BoA Debit Account - 8086,0.00  ,0.00  ,0.00  ,0.00  ,0.00  ,0.00  ,0.00  ,0.00  ,0.00  ,0.00  ,0.00  ,0.00  
         91300 Airwallex USD,"131,127.99  ","134,366.06  ","207,798.34  ","219,590.08  ","137,317.21  ","171,416.17  ","216,960.85  ","107,779.54  ","30,863.50  ","73,971.52  ","59,678.30  ","35,235.19  "
         91400 Petty Cash,0.00  ,0.00  ,0.00  ,0.00  ,0.00  ,0.00  ,0.00  ,0.00  ,0.00  ,0.00  ,0.00  ,0.00  
      Total Bank Accounts,"$188,242.98  ","$228,308.44  ","$277,012.97  ","$471,690.43  ","$369,825.72  ","$396,058.40  ","$430,042.75  ","$318,778.09  ","$175,953.78  ","$208,376.04  ","$344,347.60  ","$312,758.74  "
      Accounts Receivable,,,,,,,,,,,,
         91700 Accounts Receivable,"302,731.78  ","318,406.69  ","248,680.72  ","305,118.75  ","179,997.75  ","341,094.85  ","44,869.75  ","153,388.25  ","133,708.50  ","179,270.36  ","30,274.14  ","114,117.74  "
            91703 Allowance for ECL,"-4,419.23  ","-4,419.23  ","-4,419.23  ","-4,419.23  ","-4,419.23  ","-4,419.23  ","-4,419.23  ","-4,419.23  ","-4,419.23  ","-4,419.23  ","-4,419.23  ","-4,419.23  "
         Total 91700 Accounts Receivable,"$298,312.55  ","$313,987.46  ","$244,261.49  ","$300,699.52  ","$175,578.52  ","$336,675.62  ","$40,450.52  ","$148,969.02  ","$129,289.27  ","$174,851.13  ","$25,854.91  ","$109,698.51  "
         91701 Allowance for Doubtful Accounts,0.00  ,0.00  ,0.00  ,0.00  ,0.00  ,0.00  ,0.00  ,0.00  ,0.00  ,0.00  ,0.00  ,0.00  
         91702 Sundry Debtors,0.00  ,0.00  ,0.00  ,0.00  ,0.00  ,0.00  ,0.00  ,0.00  ,0.00  ,0.00  ,0.00  ,0.00  
      Total Accounts Receivable,"$298,312.55  ","$313,987.46  ","$244,261.49  ","$300,699.52  ","$175,578.52  ","$336,675.62  ","$40,450.52  ","$148,969.02  ","$129,289.27  ","$174,851.13  ","$25,854.91  ","$109,698.51  "
      Other Current Assets,,,,,,,,,,,,
         91500 Undeposited Funds,0.00  ,0.00  ,0.00  ,0.00  ,0.00  ,0.00  ,0.00  ,"4,253.50  ",0.00  ,0.00  ,0.00  ,0.00  
         91900 Inventory Asset,0.00  ,0.00  ,0.00  ,0.00  ,0.00  ,0.00  ,0.00  ,0.00  ,0.00  ,0.00  ,0.00  ,0.00  
            91907 DX-64 Digital Radio,0.00  ,0.00  ,0.00  ,0.00  ,0.00  ,0.00  ,0.00  ,0.00  ,0.00  ,0.00  ,0.00  ,0.00  
            91908 Third Party Products,"18,479.72  ","18,334.59  ","18,238.33  ","21,358.20  ","21,784.53  ","21,415.94  ","22,166.69  ","20,777.49  ","20,731.49  ","19,896.39  ","29,782.76  ","20,332.76  "
            91909 Licences - Other,0.00  ,0.00  ,0.00  ,0.00  ,0.00  ,0.00  ,0.00  ,0.00  ,0.00  ,0.00  ,0.00  ,0.00  
            91920 Hardware - Omnitronics,"103,713.80  ","94,333.00  ","72,148.40  ","93,795.71  ","114,191.15  ","114,361.23  ","126,461.96  ","139,954.41  ","131,274.42  ","104,614.11  ","113,803.60  ","114,013.52  "
            91950 omnicore,0.00  ,0.00  ,0.00  ,0.00  ,0.00  ,0.00  ,0.00  ,0.00  ,0.00  ,0.00  ,0.00  ,0.00  
            91951 omnicore software,0.00  ,0.00  ,0.00  ,0.00  ,0.00  ,0.00  ,0.00  ,0.00  ,0.00  ,0.00  ,0.00  ,0.00  
            91999 Items out on loan,0.00  ,0.00  ,0.00  ,0.00  ,0.00  ,0.00  ,0.00  ,0.00  ,0.00  ,0.00  ,0.00  ,0.00  
         Total 91900 Inventory Asset,"$122,193.52  ","$112,667.59  ","$90,386.73  ","$115,153.91  ","$135,975.68  ","$135,777.17  ","$148,628.65  ","$160,731.90  ","$152,005.91  ","$124,510.50  ","$143,586.36  ","$134,346.28  "
         91911 Provision for Inventory Write Off,0.00  ,0.00  ,0.00  ,0.00  ,0.00  ,0.00  ,0.00  ,0.00  ,0.00  ,0.00  ,0.00  ,0.00  
         92100 EXCHANGE/REPAIR STOCK,0.00  ,0.00  ,0.00  ,0.00  ,0.00  ,0.00  ,0.00  ,0.00  ,0.00  ,0.00  ,0.00  ,0.00  
         94500 Prepayments,"11,725.68  ","10,628.84  ","9,510.02  ","8,391.20  ","7,272.38  ","6,153.56  ","5,034.74  ","6,848.56  ","5,726.88  ","4,605.20  ","3,483.52  ","3,874.39  "
         99998 Uncategorized Asset,0.00  ,0.00  ,0.00  ,0.00  ,0.00  ,0.00  ,0.00  ,0.00  ,0.00  ,0.00  ,0.00  ,0.00  
      Total Other Current Assets,"$133,919.20  ","$123,296.43  ","$99,896.75  ","$123,545.11  ","$143,248.06  ","$141,930.73  ","$153,663.39  ","$171,833.96  ","$157,732.79  ","$129,115.70  ","$147,069.88  ","$138,220.67  "
   Total Current Assets,"$620,474.73  ","$665,592.33  ","$621,171.21  ","$895,935.06  ","$688,652.30  ","$874,664.75  ","$624,156.66  ","$639,581.07  ","$462,975.84  ","$512,342.87  ","$517,272.39  ","$560,677.92  "
   Fixed Assets,,,,,,,,,,,,
      91800 Purchase,0.00  ,0.00  ,0.00  ,0.00  ,0.00  ,0.00  ,0.00  ,0.00  ,0.00  ,0.00  ,0.00  ,0.00  
      93000 Furniture and Equipment,0.00  ,0.00  ,0.00  ,0.00  ,0.00  ,0.00  ,0.00  ,0.00  ,0.00  ,0.00  ,0.00  ,0.00  
      93001 Leasehold Improvements,0.00  ,0.00  ,0.00  ,0.00  ,0.00  ,0.00  ,0.00  ,0.00  ,0.00  ,0.00  ,0.00  ,0.00  
      94000 Office Equipment,"1,326.79  ","1,326.79  ","1,326.79  ","1,326.79  ","1,326.79  ","1,326.79  ","1,326.79  ","1,326.79  ","1,326.79  ","1,326.79  ","1,326.79  ","1,326.79  "
      94250 Accumulated Depreciation-Office Equipment,-469.88  ,-497.52  ,-525.16  ,-552.80  ,-580.44  ,-608.08  ,-635.72  ,-663.36  ,-691.00  ,-718.64  ,-746.28  ,-773.92  
   Total Fixed Assets,$856.91  ,$829.27  ,$801.63  ,$773.99  ,$746.35  ,$718.71  ,$691.07  ,$663.43  ,$635.79  ,$608.15  ,$580.51  ,$552.87  
   Other Assets,,,,,,,,,,,,
      94501 Deposits Paid,"1,000.00  ","1,000.00  ","1,000.00  ","1,000.00  ","1,000.00  ","1,000.00  ","1,000.00  ","1,000.00  ","1,000.00  ","1,000.00  ","1,000.00  ","1,000.00  "
   Total Other Assets,"$1,000.00  ","$1,000.00  ","$1,000.00  ","$1,000.00  ","$1,000.00  ","$1,000.00  ","$1,000.00  ","$1,000.00  ","$1,000.00  ","$1,000.00  ","$1,000.00  ","$1,000.00  "
TOTAL ASSETS,"$622,331.64  ","$667,421.60  ","$622,972.84  ","$897,709.05  ","$690,398.65  ","$876,383.46  ","$625,847.73  ","$641,244.50  ","$464,611.63  ","$513,951.02  ","$518,852.90  ","$562,230.79  "
LIABILITIES AND EQUITY,,,,,,,,,,,,
   Liabilities,,,,,,,,,,,,
      Current Liabilities,,,,,,,,,,,,
         Accounts Payable,,,,,,,,,,,,
            95300 Accounts Payable,"-25,480.00  ",150.00  ,223.02  ,150.30  ,"2,770.00  ",160.00  ,160.00  ,"38,206.69  ",126.50  ,-185.50  ,-185.50  ,"1,733.20  "
            95302 Accounts Payable (A/P) - CAD,0.00  ,0.00  ,0.00  ,0.00  ,0.00  ,0.00  ,0.00  ,0.00  ,0.00  ,0.00  ,0.00  ,0.00  
            95303 Accounts Payable (A/P) - EUR,0.00  ,0.00  ,0.00  ,0.00  ,0.00  ,0.00  ,0.00  ,0.00  ,0.00  ,0.00  ,0.00  ,0.00  
         Total Accounts Payable,"-$25,480.00  ",$150.00  ,$223.02  ,$150.30  ,"$2,770.00  ",$160.00  ,$160.00  ,"$38,206.69  ",$126.50  ,-$185.50  ,-$185.50  ,"$1,733.20  "
         Other Current Liabilities,,,,,,,,,,,,
            21105 Revenue in Advance,"32,035.50  ","28,330.50  ","12,812.50  ","133,365.50  ",0.00  ,0.00  ,"5,325.00  ","23,451.75  ","1,350.00  ","1,400.00  ","21,283.75  ","43,337.17  "
            21106 SMA Income in Advance,"101,835.88  ","94,807.83  ","90,542.16  ","82,898.29  ","75,878.59  ","87,546.39  ","81,561.27  ","73,810.32  ","69,810.41  ","60,867.79  ","51,925.17  ","50,232.26  "
            24000 Payroll Liabilities,"9,141.98  ","11,427.47  ","14,235.90  ","4,570.98  ","5,713.73  ","7,999.22  ","11,760.62  ","11,945.17  ","12,829.07  ","3,687.10  ",0.00  ,0.00  
               24001 RI Income Tax,0.00  ,0.00  ,0.00  ,0.00  ,0.00  ,0.00  ,0.00  ,0.00  ,0.00  ,0.00  ,0.00  ,0.00  
               24002 FL Department of Revenue Payable,0.00  ,0.00  ,0.00  ,0.00  ,0.00  ,0.00  ,0.00  ,0.00  ,0.00  ,0.00  ,0.00  ,0.00  
               24003 MS Income Tax,0.00  ,0.00  ,0.00  ,0.00  ,0.00  ,0.00  ,0.00  ,0.00  ,0.00  ,0.00  ,0.00  ,0.00  
               24004 MS Unemployment Tax,0.00  ,0.00  ,0.00  ,0.00  ,0.00  ,0.00  ,0.00  ,0.00  ,0.00  ,0.00  ,0.00  ,0.00  
               24005 VA Income Tax,0.00  ,0.00  ,0.00  ,0.00  ,0.00  ,0.00  ,0.00  ,0.00  ,0.00  ,0.00  ,0.00  ,0.00  
               24007 VA SUI Employer,0.00  ,0.00  ,0.00  ,0.00  ,0.00  ,0.00  ,0.00  ,0.00  ,0.00  ,0.00  ,0.00  ,0.00  
               24008 IL Income Tax,0.00  ,0.00  ,0.00  ,0.00  ,0.00  ,0.00  ,0.00  ,0.00  ,0.00  ,0.00  ,0.00  ,0.00  
               24009 IL Unemployment Tax,0.00  ,0.00  ,0.00  ,0.00  ,0.00  ,0.00  ,0.00  ,0.00  ,0.00  ,0.00  ,0.00  ,0.00  
               24010 LA Income Tax,0.00  ,0.00  ,0.00  ,0.00  ,0.00  ,0.00  ,0.00  ,0.00  ,0.00  ,0.00  ,0.00  ,0.00  
               24011 LA Unemployment Tax,-336.13  ,-336.13  ,-336.13  ,-336.13  ,-336.13  ,-336.13  ,-336.13  ,-336.13  ,-336.13  ,-336.13  ,-336.13  ,0.00  
               24050 MetLife,0.00  ,0.00  ,0.00  ,0.00  ,0.00  ,0.00  ,0.00  ,0.00  ,0.00  ,0.00  ,0.00  ,0.00  
               24100 Federal payroll liability,0.00  ,0.00  ,0.00  ,"3,558.95  ","3,558.95  ",0.00  ,-168.00  ,-168.00  ,-168.00  ,-168.00  ,-168.00  ,0.00  
               24200 State SUI Payroll,0.00  ,0.00  ,0.00  ,0.00  ,0.00  ,0.00  ,0.00  ,0.00  ,0.00  ,0.00  ,0.00  ,0.00  
               24300 Health Insurance-1,0.00  ,0.00  ,0.00  ,0.00  ,0.00  ,0.00  ,0.00  ,0.00  ,0.00  ,0.00  ,0.00  ,0.00  
               24499 Direct Deposit Payable,0.00  ,0.00  ,0.00  ,0.00  ,0.00  ,0.00  ,0.00  ,0.00  ,0.00  ,0.00  ,0.00  ,0.00  
               24500 Payroll Accrual,"7,387.74  ","7,881.46  ","7,139.79  ","10,384.23  ","12,730.33  ","15,077.11  ","32,096.15  ","34,780.44  ","39,830.70  ","45,471.16  ","56,494.01  ","64,794.75  "
               24550 Commissions Payable,0.00  ,"1,547.32  ",417.95  ,"5,271.06  ","2,064.35  ","12,677.50  ","1,254.46  ","4,357.58  ",480.01  ,0.00  ,0.00  ,"1,575.27  "
               24560 United Healthcare Insurance - Spouse 50%,"2,118.44  ",0.00  ,0.00  ,0.00  ,0.00  ,0.00  ,0.00  ,0.00  ,0.00  ,0.00  ,0.00  ,0.00  
               Expensed twice through Airwallex,,0.00  ,0.00  ,0.00  ,0.00  ,0.00  ,0.00  ,0.00  ,0.00  ,0.00  ,0.00  ,0.00  
            Total 24000 Payroll Liabilities,"$18,312.03  ","$20,520.12  ","$21,457.51  ","$23,449.09  ","$23,731.23  ","$35,417.70  ","$44,607.10  ","$50,579.06  ","$52,635.65  ","$48,654.13  ","$55,989.88  ","$66,370.02  "
            25500 Sales Tax Payable,0.00  ,0.00  ,0.00  ,0.00  ,0.00  ,0.00  ,0.00  ,0.00  ,0.00  ,0.00  ,0.00  ,0.00  
               25501 Florida Department of Revenue Payable,0.00  ,0.00  ,0.00  ,0.00  ,0.00  ,0.00  ,0.00  ,647.50  ,647.50  ,0.00  ,0.00  ,0.00  
               25502 Boston Payable,,0.00  ,0.00  ,0.00  ,0.00  ,0.00  ,0.00  ,0.00  ,0.00  ,0.00  ,0.00  ,0.00  
               25503 NC Department of Revenue Payable,0.00  ,0.00  ,0.00  ,0.00  ,0.00  ,0.00  ,0.00  ,0.00  ,0.00  ,0.00  ,0.00  ,0.00  
               25504 Indiana Department of Revenue Payable,0.00  ,"5,497.31  ",40.13  ,0.00  ,0.00  ,0.00  ,0.00  ,0.00  ,0.00  ,0.00  ,0.00  ,0.00  
               25505 New York State Department of Tax & Finance Payable,0.00  ,0.00  ,0.00  ,0.00  ,0.00  ,0.00  ,0.00  ,0.00  ,0.00  ,"-2,374.02  ",0.00  ,0.00  
               25506 Ohio Payable,0.00  ,0.00  ,0.00  ,0.00  ,0.00  ,0.00  ,0.00  ,0.00  ,0.00  ,0.00  ,0.00  ,0.00  
               25507 Arkansas Payable,0.00  ,0.00  ,0.00  ,0.00  ,0.00  ,0.00  ,0.00  ,0.00  ,0.00  ,0.00  ,0.00  ,0.00  
               25508 State of North Carolina Payable,0.00  ,0.00  ,0.00  ,0.00  ,0.00  ,0.00  ,0.00  ,0.00  ,0.00  ,0.00  ,0.00  ,0.00  
               25509 WA Payable,"1,525.29  ","1,525.29  ","1,525.29  ","1,525.29  ","1,525.29  ","1,525.29  ","1,525.29  ","1,525.29  ","1,525.29  ","1,525.29  ","1,525.29  ","1,525.29  "
               25511 California Department of Tax and Fee Administration Payable,0.00  ,0.00  ,0.00  ,0.00  ,783.00  ,783.00  ,783.00  ,0.00  ,0.00  ,"1,366.88  ","3,016.37  ","3,389.05  "
               25512 NEW JERSEY DIVISION OF REVENUE Payable,282.36  ,282.36  ,282.36  ,282.36  ,282.36  ,282.36  ,282.36  ,282.36  ,282.36  ,282.36  ,282.36  ,282.36  
               25513 Wyoming Department of Revenue Payable,0.00  ,0.00  ,0.00  ,0.00  ,0.00  ,0.00  ,0.00  ,0.00  ,0.00  ,0.00  ,0.00  ,0.00  
               25520 Out Of Scope Agency Payable,0.00  ,0.00  ,0.00  ,0.00  ,0.00  ,0.00  ,0.00  ,0.00  ,0.00  ,0.00  ,0.00  ,0.00  
               25530 Sales Tax Agency Payable,0.00  ,0.00  ,0.00  ,0.00  ,0.00  ,0.00  ,0.00  ,0.00  ,0.00  ,0.00  ,0.00  ,0.00  
               25540 Reseller Payable,0.00  ,0.00  ,0.00  ,0.00  ,0.00  ,0.00  ,0.00  ,0.00  ,0.00  ,0.00  ,0.00  ,0.00  
            Total 25500 Sales Tax Payable,"$1,807.65  ","$7,304.96  ","$1,847.78  ","$1,807.65  ","$2,590.65  ","$2,590.65  ","$2,590.65  ","$2,455.15  ","$2,455.15  ",$800.51  ,"$4,824.02  ","$5,196.70  "
            25700 Accrued Expenses,"9,000.00  ","9,000.00  ","9,000.00  ","9,000.00  ","9,000.00  ","37,719.83  ","5,500.00  ","5,500.00  ","5,500.00  ","5,500.00  ","3,000.00  ","3,947.10  "
            26000 Income Tax Payable,,0.00  ,0.00  ,0.00  ,0.00  ,0.00  ,"32,219.83  ","32,219.83  ","32,219.83  ","32,219.83  ","12,545.83  ","8,145.83  "
            28000 Loan - Omnitronics Australia,"223,605.59  ","222,957.12  ","224,998.12  ","352,486.31  ","291,863.60  ","387,100.44  ","161,837.82  ","34,284.61  ","-95,833.86  ","-6,733.86  ","-13,068.54  ","-7,629.54  "
         Total Other Current Liabilities,"$386,596.65  ","$382,920.53  ","$360,658.07  ","$603,006.84  ","$403,064.07  ","$550,375.01  ","$333,641.67  ","$222,300.72  ","$68,137.18  ","$142,708.40  ","$136,500.11  ","$169,599.54  "
      Total Current Liabilities,"$361,116.65  ","$383,070.53  ","$360,881.09  ","$603,157.14  ","$405,834.07  ","$550,535.01  ","$333,801.67  ","$260,507.41  ","$68,263.68  ","$142,522.90  ","$136,314.61  ","$171,332.74  "
   Total Liabilities,"$361,116.65  ","$383,070.53  ","$360,881.09  ","$603,157.14  ","$405,834.07  ","$550,535.01  ","$333,801.67  ","$260,507.41  ","$68,263.68  ","$142,522.90  ","$136,314.61  ","$171,332.74  "
   Equity,,,,,,,,,,,,
      30000 Opening Balance Equity,0.00  ,0.00  ,0.00  ,0.00  ,0.00  ,0.00  ,0.00  ,0.00  ,0.00  ,0.00  ,0.00  ,0.00  
      39000 Capital Stock,"1,000.00  ","1,000.00  ","1,000.00  ","1,000.00  ","1,000.00  ","1,000.00  ","1,000.00  ","1,000.00  ","1,000.00  ","1,000.00  ","1,000.00  ","1,000.00  "
      39200 Retained Earnings,"235,484.00  ","235,484.00  ","235,484.00  ","235,484.00  ","235,484.00  ","235,484.00  ","324,848.45  ","324,848.45  ","324,848.45  ","324,848.45  ","324,848.45  ","324,848.45  "
      Net Income,"24,730.99  ","47,867.07  ","25,607.75  ","58,067.91  ","48,080.58  ","89,364.45  ","-33,802.39  ","54,888.64  ","70,499.50  ","45,579.67  ","56,689.84  ","65,049.60  "
   Total Equity,"$261,214.99  ","$284,351.07  ","$262,091.75  ","$294,551.91  ","$284,564.58  ","$325,848.45  ","$292,046.06  ","$380,737.09  ","$396,347.95  ","$371,428.12  ","$382,538.29  ","$390,898.05  "
TOTAL LIABILITIES AND EQUITY,"$622,331.64  ","$667,421.60  ","$622,972.84  ","$897,709.05  ","$690,398.65  ","$876,383.46  ","$625,847.73  ","$641,244.50  ","$464,611.63  ","$513,951.02  ","$518,852.90  ","$562,230.79  "
,,,,,,,,,,,,
,,,,,,,,,,,,
,,,,,,,,,,,,
"Friday, Aug 01, 2025 01:11:48 AM GMT-7 - Accrual Basis",,,,,,,,,,,,
