,,,July      NY
,BALANCE SHEET,,
,,,
,CURRENT ASSETS,,
1100,,Cash on Hand - Unit Capital,46 
 ,,,
1101,,Operating Cheque Account,"595,461 "
 ,,,
1103,,CRB Account,940 
 ,,,
1106,,Airwallex AUD,"107,005 "
 ,,,
1107,,Airwallex USD,"30,725 "
 ,,,
1108,,Westpac USD,"326,650 "
 ,,,
1109,,Airwallex CAD,"7,195 "
 ,,,
1199,,Cash at Bank,"1,068,021 "
1200,,Trade Debtors,"1,354,269 "
 ,,,
1299,,Debtors & Other Receivables,"1,354,269 "
1300,,Loan-Omnitronics Inc (USA),"(107,127)"
 ,,,
1303,,  Loan-Software Combined Bidco Pty Ltd,"1,313,578 "
 ,,,
1400,,Stock on Hand - Stores,"883,166 "
 ,,,
1418,,Stock on Hand - Third Party Products,"15,771 "
 ,,,
1411,,Stock on Hand - Engineering,"29,054 "
 ,,,
1425,,Stock on Hand - Service,"1,773 "
 ,,,
1430,,Stock on Hand - Manufacturing,"55,761 "
 ,,,
1432,,Stock on Hand - RMA,"22,181 "
 ,,,
1440,,Stock on Hand - SUB Manufacturing,"233,106 "
 ,,,
1459,,Stock on Hand,"1,240,811 "
1490,,Engineering Services WIP,"14,287 "
 ,,,
1500,,Prepayments,"71,453 "
 ,,,
1550,,Deposits Paid,"12,536 "
 ,,,
1560,,Security Dpst/Keys (Qld),"10,880 "
 ,,,
,,,
1590,,Total Current Assets,"4,978,709 "
,,,
,,,
,NON CURRENT ASSETS,,
1702,,Fixed Assets Clearing,"6,549 "
 ,,,
1705,,Right-of-use assets,"1,287,188 "
 ,,,
1706,,Less Accum Depn ROU Assets,"(897,240)"
 ,,,
1707,,ROU Assets,"389,948 "
1710,,Property Plant & Equipment,"209,039 "
 ,,,
1711,,Less Accumulated Depreciation,"(42,484)"
 ,,,
1715,,Computer Equipment,"105,424 "
 ,,,
1716,,Less Accumulated Depreciation,"(68,479)"
 ,,,
1720,,Leasehold Improvements,"29,981 "
 ,,,
1721,,Less Accumulated Depreciation,"(8,314)"
 ,,,
1750,,Computer Software,"9,497 "
 ,,,
1751,,Less Accumulated Depreciation,"(9,497)"
 ,,,
1755,,Motor vehicles - cost,"14,850 "
 ,,,
1756,,Less Accumulated Depreciation,"(14,850)"
 ,,,
1770,,Loan Equipment,"49,834 "
 ,,,
1771,,Less Accumulated Depreciation,"(36,234)"
 ,,,
1760,,Intangibles,"15,156 "
 ,,,
1780,,Software PPA cost,"3,592,000 "
 ,,,
1781,,Less Accumulated Depreciation,"(722,651)"
 ,,,
1782,,Customer relationship PPA cost,"90,000 "
 ,,,
1783,,Less Accumulated Depreciation,"(13,512)"
 ,,,
1784,,Intellectual property PPA cost,"179,000 "
 ,,,
1785,,Less Accumulated Depreciation,"(107,498)"
 ,,,
1800,,Fixed Assets,"3,277,810 "
,,,
1850,,Deferred Tax Assets,"471,240 "
 ,,,
,,,
1890,,Total Non Curent Assets,"4,138,999 "
,,,
,,,
1990,,TOTAL ASSETS,"9,117,707 "
,,,
,,,
,CURRENT LIABILITIES,,
2100,,Trade Creditors,"110,066 "
 ,,,
2150,,Accruals,"123,622 "
 ,,,
2160,,EMC Accrual,"98,750 "
 ,,,
2190,,Income Tax Payable,"280,874 "
 ,,,
2300,,Goods Received Accrual,"39,872 "
 ,,,
2399,,Creditors & Other Payables,"653,184 "
2400,,Projects Revenue in Advance,"262,690 "
 ,,,
2410,,SMA Deferred Revenue,"742,218 "
 ,,,
2420,,Deferred Revenue,"1,004,908 "
2480,,Lease Liabilities - current,"166,023 "
 ,,,
2600,,GST Paid,"(119,971)"
 ,,,
2610,,GST Collected,"239,474 "
 ,,,
2630,,GST Accrued,(616)
 ,,,
2640,,TOTAL GST Payable,"118,887 "
2710,,Superannuation Payable,"67,206 "
 ,,,
2720,,Accrued Annual Leave,"305,397 "
 ,,,
2725,,Accrued LSL,"106,320 "
 ,,,
2740,,PAYG,"76,444 "
 ,,,
2700,,Payroll Accruals,"390,934 "
 ,,,
2770,,TOTAL Payroll Liabilities,"946,302 "
2760,,ST Loan - Software Combined,"669,984 "
 ,,,
2930,,Related Party Payable-Bidco,"(70,568)"
 ,,,
2940,,Tax Funding Account,"540,645 "
 ,,,
2980,,Loans from Related Paries,"1,140,061 "
,,,
,,,
2790,,Total Current Liabilities,"4,029,364 "
,,,
,,,
,NON CURRENT LIABILITIES,,
2726,,Accrued LSL Non Current,"135,373 "
 ,,,
2805,,Lease Liabilities,"197,478 "
 ,,,
2807,,Make good provision,"78,000 "
 ,,,
,,,
,,,
2990,,Total Non Current Liabilities,"410,851 "
,,,
,,,
2995,,TOTAL LIABILITIES,"4,440,215 "
,,,
,,,
2999,,NET ASSETS,"4,677,492 "
,,,
,,,
,EQUITY,,
3010,,Shareholders equity,46 
 ,,,
3015,,Dividend Declaration,"(320,000)"
 ,,,
3013,,Pre-acquisition asset revaluation reserv,"3,861,000 "
 ,,,
3030,,Retained Earnings (prior year),"(907,273)"
 ,,,
,,,
,,,
3090,,TOTAL EQUITY,"2,633,773 "
,,,
,,,
1/08/2025 -  3:49:26PM,Page 0,,
,,,
(c) 2020 Triumph Business Systems Pty. Ltd.   www.triumph.com.au   Triumph report design (glrpcr.rpt),,,
